trial_id,group,category,original_split,object,perturbation_type,level,base_image,perturbed_image,novel_word
0,8,known,known,bee,add,2,known/bee.png,known/add/bee_2.png,snavish
1,8,known,known,bee,add,5,known/bee.png,known/add/bee_5.png,snavish
2,0,known,known,bee,add,8,known/bee.png,known/add/bee_8.png,snavish
3,2,known,known,bee,add,11,known/bee.png,known/add/bee_11.png,snavish
4,1,known,known,bee,add,14,known/bee.png,known/add/bee_14.png,snavish
5,7,known,known,bee,add,17,known/bee.png,known/add/bee_17.png,snavish
6,7,known,known,bee,add,19,known/bee.png,known/add/bee_19.png,snavish
7,4,known,known,bee,add,20,known/bee.png,known/add/bee_20.png,snavish
8,9,known,known,bee,background,5,known/bee.png,known/background/bee_5.png,snavish
9,3,known,known,bee,background,8,known/bee.png,known/background/bee_8.png,snavish
10,1,known,known,bee,background,11,known/bee.png,known/background/bee_11.png,snavish
11,1,known,known,bee,background,14,known/bee.png,known/background/bee_14.png,snavish
12,3,known,known,bee,background,17,known/bee.png,known/background/bee_17.png,snavish
13,5,known,known,bee,background,19,known/bee.png,known/background/bee_19.png,snavish
14,0,known,known,bee,background,20,known/bee.png,known/background/bee_20.png,snavish
15,3,known,known,bee,color,2,known/bee.png,known/color/bee_2.png,snavish
16,1,known,known,bee,color,5,known/bee.png,known/color/bee_5.png,snavish
17,6,known,known,bee,color,11,known/bee.png,known/color/bee_11.png,snavish
18,7,known,known,bee,color,14,known/bee.png,known/color/bee_14.png,snavish
19,0,known,known,bee,color,17,known/bee.png,known/color/bee_17.png,snavish
20,2,known,known,bee,color,19,known/bee.png,known/color/bee_19.png,snavish
21,4,known,known,bee,color,20,known/bee.png,known/color/bee_20.png,snavish
22,9,known,known,bee,remove,2,known/bee.png,known/remove/bee_2.png,snavish
23,9,known,known,bee,remove,5,known/bee.png,known/remove/bee_5.png,snavish
24,6,known,known,bee,remove,8,known/bee.png,known/remove/bee_8.png,snavish
25,6,known,known,bee,remove,11,known/bee.png,known/remove/bee_11.png,snavish
26,9,known,known,bee,remove,14,known/bee.png,known/remove/bee_14.png,snavish
27,6,known,known,bee,shape,2,known/bee.png,known/shape/bee_2.png,snavish
28,3,known,known,bee,shape,5,known/bee.png,known/shape/bee_5.png,snavish
29,6,known,known,bee,shape,8,known/bee.png,known/shape/bee_8.png,snavish
30,4,known,known,bee,shape,14,known/bee.png,known/shape/bee_14.png,snavish
31,1,known,known,bee,shape,17,known/bee.png,known/shape/bee_17.png,snavish
32,6,known,known,bee,shape,19,known/bee.png,known/shape/bee_19.png,snavish
33,9,known,known,bee,shape,20,known/bee.png,known/shape/bee_20.png,snavish
34,4,known,known,bee,style,2,known/bee.png,known/style/bee_2.png,snavish
35,3,known,known,bee,style,5,known/bee.png,known/style/bee_5.png,snavish
36,9,known,known,bee,style,8,known/bee.png,known/style/bee_8.png,snavish
37,9,known,known,bee,style,11,known/bee.png,known/style/bee_11.png,snavish
38,6,known,known,bee,style,14,known/bee.png,known/style/bee_14.png,snavish
39,9,known,known,bee,style,17,known/bee.png,known/style/bee_17.png,snavish
40,5,known,known,corkscrew,add,2,known/corkscrew.png,known/add/corkscrew_2.png,vorthling
41,5,known,known,corkscrew,add,5,known/corkscrew.png,known/add/corkscrew_5.png,vorthling
42,8,known,known,corkscrew,add,8,known/corkscrew.png,known/add/corkscrew_8.png,vorthling
43,3,known,known,corkscrew,add,11,known/corkscrew.png,known/add/corkscrew_11.png,vorthling
44,7,known,known,corkscrew,add,14,known/corkscrew.png,known/add/corkscrew_14.png,vorthling
45,2,known,known,corkscrew,add,17,known/corkscrew.png,known/add/corkscrew_17.png,vorthling
46,1,known,known,corkscrew,add,19,known/corkscrew.png,known/add/corkscrew_19.png,vorthling
47,3,known,known,corkscrew,add,20,known/corkscrew.png,known/add/corkscrew_20.png,vorthling
48,7,known,known,corkscrew,background,2,known/corkscrew.png,known/background/corkscrew_2.png,vorthling
49,4,known,known,corkscrew,background,5,known/corkscrew.png,known/background/corkscrew_5.png,vorthling
50,6,known,known,corkscrew,background,8,known/corkscrew.png,known/background/corkscrew_8.png,vorthling
51,5,known,known,corkscrew,background,11,known/corkscrew.png,known/background/corkscrew_11.png,vorthling
52,0,known,known,corkscrew,background,14,known/corkscrew.png,known/background/corkscrew_14.png,vorthling
53,2,known,known,corkscrew,background,19,known/corkscrew.png,known/background/corkscrew_19.png,vorthling
54,4,known,known,corkscrew,background,20,known/corkscrew.png,known/background/corkscrew_20.png,vorthling
55,1,known,known,corkscrew,color,2,known/corkscrew.png,known/color/corkscrew_2.png,vorthling
56,3,known,known,corkscrew,color,5,known/corkscrew.png,known/color/corkscrew_5.png,vorthling
57,4,known,known,corkscrew,color,8,known/corkscrew.png,known/color/corkscrew_8.png,vorthling
58,1,known,known,corkscrew,color,11,known/corkscrew.png,known/color/corkscrew_11.png,vorthling
59,7,known,known,corkscrew,color,14,known/corkscrew.png,known/color/corkscrew_14.png,vorthling
60,4,known,known,corkscrew,color,17,known/corkscrew.png,known/color/corkscrew_17.png,vorthling
61,7,known,known,corkscrew,color,19,known/corkscrew.png,known/color/corkscrew_19.png,vorthling
62,0,known,known,corkscrew,color,20,known/corkscrew.png,known/color/corkscrew_20.png,vorthling
63,1,known,known,corkscrew,remove,2,known/corkscrew.png,known/remove/corkscrew_2.png,vorthling
64,2,known,known,corkscrew,remove,5,known/corkscrew.png,known/remove/corkscrew_5.png,vorthling
65,1,known,known,corkscrew,remove,8,known/corkscrew.png,known/remove/corkscrew_8.png,vorthling
66,6,known,known,corkscrew,remove,11,known/corkscrew.png,known/remove/corkscrew_11.png,vorthling
67,9,known,known,corkscrew,shape,2,known/corkscrew.png,known/shape/corkscrew_2.png,vorthling
68,3,known,known,corkscrew,shape,5,known/corkscrew.png,known/shape/corkscrew_5.png,vorthling
69,2,known,known,corkscrew,shape,8,known/corkscrew.png,known/shape/corkscrew_8.png,vorthling
70,7,known,known,corkscrew,shape,11,known/corkscrew.png,known/shape/corkscrew_11.png,vorthling
71,1,known,known,corkscrew,shape,14,known/corkscrew.png,known/shape/corkscrew_14.png,vorthling
72,9,known,known,corkscrew,shape,19,known/corkscrew.png,known/shape/corkscrew_19.png,vorthling
73,5,known,known,corkscrew,shape,20,known/corkscrew.png,known/shape/corkscrew_20.png,vorthling
74,7,known,known,corkscrew,style,2,known/corkscrew.png,known/style/corkscrew_2.png,vorthling
75,3,known,known,corkscrew,style,5,known/corkscrew.png,known/style/corkscrew_5.png,vorthling
76,0,known,known,corkscrew,style,8,known/corkscrew.png,known/style/corkscrew_8.png,vorthling
77,7,known,known,corkscrew,style,11,known/corkscrew.png,known/style/corkscrew_11.png,vorthling
78,6,known,known,corkscrew,style,14,known/corkscrew.png,known/style/corkscrew_14.png,vorthling
79,3,known,known,corkscrew,style,17,known/corkscrew.png,known/style/corkscrew_17.png,vorthling
80,6,known,known,corkscrew,style,19,known/corkscrew.png,known/style/corkscrew_19.png,vorthling
81,8,known,known,corkscrew,style,20,known/corkscrew.png,known/style/corkscrew_20.png,vorthling
82,1,known,known,dolphin,add,2,known/dolphin.png,known/add/dolphin_2.png,thrimple
83,2,known,known,dolphin,add,8,known/dolphin.png,known/add/dolphin_8.png,thrimple
84,5,known,known,dolphin,add,11,known/dolphin.png,known/add/dolphin_11.png,thrimple
85,4,known,known,dolphin,add,14,known/dolphin.png,known/add/dolphin_14.png,thrimple
86,2,known,known,dolphin,add,17,known/dolphin.png,known/add/dolphin_17.png,thrimple
87,5,known,known,dolphin,add,19,known/dolphin.png,known/add/dolphin_19.png,thrimple
88,4,known,known,dolphin,add,20,known/dolphin.png,known/add/dolphin_20.png,thrimple
89,8,known,known,dolphin,background,2,known/dolphin.png,known/background/dolphin_2.png,thrimple
90,1,known,known,dolphin,background,5,known/dolphin.png,known/background/dolphin_5.png,thrimple
91,5,known,known,dolphin,background,8,known/dolphin.png,known/background/dolphin_8.png,thrimple
92,4,known,known,dolphin,background,11,known/dolphin.png,known/background/dolphin_11.png,thrimple
93,4,known,known,dolphin,background,14,known/dolphin.png,known/background/dolphin_14.png,thrimple
94,0,known,known,dolphin,background,17,known/dolphin.png,known/background/dolphin_17.png,thrimple
95,3,known,known,dolphin,background,19,known/dolphin.png,known/background/dolphin_19.png,thrimple
96,2,known,known,dolphin,background,20,known/dolphin.png,known/background/dolphin_20.png,thrimple
97,2,known,known,dolphin,color,2,known/dolphin.png,known/color/dolphin_2.png,thrimple
98,6,known,known,dolphin,color,5,known/dolphin.png,known/color/dolphin_5.png,thrimple
99,9,known,known,dolphin,color,8,known/dolphin.png,known/color/dolphin_8.png,thrimple
100,3,known,known,dolphin,color,11,known/dolphin.png,known/color/dolphin_11.png,thrimple
101,1,known,known,dolphin,color,14,known/dolphin.png,known/color/dolphin_14.png,thrimple
102,5,known,known,dolphin,color,17,known/dolphin.png,known/color/dolphin_17.png,thrimple
103,7,known,known,dolphin,color,19,known/dolphin.png,known/color/dolphin_19.png,thrimple
104,9,known,known,dolphin,color,20,known/dolphin.png,known/color/dolphin_20.png,thrimple
105,8,known,known,dolphin,remove,2,known/dolphin.png,known/remove/dolphin_2.png,thrimple
106,4,known,known,dolphin,remove,8,known/dolphin.png,known/remove/dolphin_8.png,thrimple
107,9,known,known,dolphin,remove,11,known/dolphin.png,known/remove/dolphin_11.png,thrimple
108,3,known,known,dolphin,shape,2,known/dolphin.png,known/shape/dolphin_2.png,thrimple
109,4,known,known,dolphin,shape,5,known/dolphin.png,known/shape/dolphin_5.png,thrimple
110,6,known,known,dolphin,shape,8,known/dolphin.png,known/shape/dolphin_8.png,thrimple
111,9,known,known,dolphin,shape,11,known/dolphin.png,known/shape/dolphin_11.png,thrimple
112,3,known,known,dolphin,shape,14,known/dolphin.png,known/shape/dolphin_14.png,thrimple
113,2,known,known,dolphin,shape,17,known/dolphin.png,known/shape/dolphin_17.png,thrimple
114,0,known,known,dolphin,shape,19,known/dolphin.png,known/shape/dolphin_19.png,thrimple
115,3,known,known,dolphin,shape,20,known/dolphin.png,known/shape/dolphin_20.png,thrimple
116,6,known,known,dolphin,style,2,known/dolphin.png,known/style/dolphin_2.png,thrimple
117,7,known,known,dolphin,style,5,known/dolphin.png,known/style/dolphin_5.png,thrimple
118,5,known,known,dolphin,style,8,known/dolphin.png,known/style/dolphin_8.png,thrimple
119,2,known,known,dolphin,style,11,known/dolphin.png,known/style/dolphin_11.png,thrimple
120,8,known,known,dolphin,style,14,known/dolphin.png,known/style/dolphin_14.png,thrimple
121,4,known,known,dolphin,style,17,known/dolphin.png,known/style/dolphin_17.png,thrimple
122,6,known,known,dolphin,style,19,known/dolphin.png,known/style/dolphin_19.png,thrimple
123,9,known,known,dolphin,style,20,known/dolphin.png,known/style/dolphin_20.png,thrimple
124,2,known,known,golden-retriever,add,2,known/golden-retriever.png,known/add/golden-retriever_2.png,froatne
125,5,known,known,golden-retriever,add,5,known/golden-retriever.png,known/add/golden-retriever_5.png,froatne
126,0,known,known,golden-retriever,add,8,known/golden-retriever.png,known/add/golden-retriever_8.png,froatne
127,1,known,known,golden-retriever,add,11,known/golden-retriever.png,known/add/golden-retriever_11.png,froatne
128,3,known,known,golden-retriever,add,14,known/golden-retriever.png,known/add/golden-retriever_14.png,froatne
129,7,known,known,golden-retriever,add,17,known/golden-retriever.png,known/add/golden-retriever_17.png,froatne
130,5,known,known,golden-retriever,add,19,known/golden-retriever.png,known/add/golden-retriever_19.png,froatne
131,6,known,known,golden-retriever,add,20,known/golden-retriever.png,known/add/golden-retriever_20.png,froatne
132,3,known,known,golden-retriever,background,2,known/golden-retriever.png,known/background/golden-retriever_2.png,froatne
133,4,known,known,golden-retriever,background,5,known/golden-retriever.png,known/background/golden-retriever_5.png,froatne
134,7,known,known,golden-retriever,background,8,known/golden-retriever.png,known/background/golden-retriever_8.png,froatne
135,5,known,known,golden-retriever,background,11,known/golden-retriever.png,known/background/golden-retriever_11.png,froatne
136,4,known,known,golden-retriever,background,17,known/golden-retriever.png,known/background/golden-retriever_17.png,froatne
137,4,known,known,golden-retriever,background,19,known/golden-retriever.png,known/background/golden-retriever_19.png,froatne
138,1,known,known,golden-retriever,background,20,known/golden-retriever.png,known/background/golden-retriever_20.png,froatne
139,3,known,known,golden-retriever,color,2,known/golden-retriever.png,known/color/golden-retriever_2.png,froatne
140,0,known,known,golden-retriever,color,5,known/golden-retriever.png,known/color/golden-retriever_5.png,froatne
141,4,known,known,golden-retriever,color,8,known/golden-retriever.png,known/color/golden-retriever_8.png,froatne
142,8,known,known,golden-retriever,color,11,known/golden-retriever.png,known/color/golden-retriever_11.png,froatne
143,9,known,known,golden-retriever,color,14,known/golden-retriever.png,known/color/golden-retriever_14.png,froatne
144,9,known,known,golden-retriever,color,17,known/golden-retriever.png,known/color/golden-retriever_17.png,froatne
145,1,known,known,golden-retriever,color,19,known/golden-retriever.png,known/color/golden-retriever_19.png,froatne
146,7,known,known,golden-retriever,color,20,known/golden-retriever.png,known/color/golden-retriever_20.png,froatne
147,3,known,known,golden-retriever,remove,2,known/golden-retriever.png,known/remove/golden-retriever_2.png,froatne
148,7,known,known,golden-retriever,remove,5,known/golden-retriever.png,known/remove/golden-retriever_5.png,froatne
149,3,known,known,golden-retriever,remove,8,known/golden-retriever.png,known/remove/golden-retriever_8.png,froatne
150,9,known,known,golden-retriever,remove,11,known/golden-retriever.png,known/remove/golden-retriever_11.png,froatne
151,2,known,known,golden-retriever,shape,2,known/golden-retriever.png,known/shape/golden-retriever_2.png,froatne
152,2,known,known,golden-retriever,shape,5,known/golden-retriever.png,known/shape/golden-retriever_5.png,froatne
153,4,known,known,golden-retriever,shape,8,known/golden-retriever.png,known/shape/golden-retriever_8.png,froatne
154,7,known,known,golden-retriever,shape,11,known/golden-retriever.png,known/shape/golden-retriever_11.png,froatne
155,9,known,known,golden-retriever,shape,14,known/golden-retriever.png,known/shape/golden-retriever_14.png,froatne
156,0,known,known,golden-retriever,shape,17,known/golden-retriever.png,known/shape/golden-retriever_17.png,froatne
157,5,known,known,golden-retriever,shape,19,known/golden-retriever.png,known/shape/golden-retriever_19.png,froatne
158,6,known,known,golden-retriever,style,2,known/golden-retriever.png,known/style/golden-retriever_2.png,froatne
159,2,known,known,golden-retriever,style,5,known/golden-retriever.png,known/style/golden-retriever_5.png,froatne
160,6,known,known,golden-retriever,style,8,known/golden-retriever.png,known/style/golden-retriever_8.png,froatne
161,0,known,known,golden-retriever,style,11,known/golden-retriever.png,known/style/golden-retriever_11.png,froatne
162,6,known,known,golden-retriever,style,14,known/golden-retriever.png,known/style/golden-retriever_14.png,froatne
163,5,known,known,golden-retriever,style,17,known/golden-retriever.png,known/style/golden-retriever_17.png,froatne
164,8,known,known,golden-retriever,style,19,known/golden-retriever.png,known/style/golden-retriever_19.png,froatne
165,5,known,known,horse,add,2,known/horse.png,known/add/horse_2.png,skelwick
166,0,known,known,horse,add,5,known/horse.png,known/add/horse_5.png,skelwick
167,4,known,known,horse,add,8,known/horse.png,known/add/horse_8.png,skelwick
168,2,known,known,horse,add,11,known/horse.png,known/add/horse_11.png,skelwick
169,8,known,known,horse,add,14,known/horse.png,known/add/horse_14.png,skelwick
170,1,known,known,horse,add,17,known/horse.png,known/add/horse_17.png,skelwick
171,7,known,known,horse,add,19,known/horse.png,known/add/horse_19.png,skelwick
172,9,known,known,horse,add,20,known/horse.png,known/add/horse_20.png,skelwick
173,9,known,known,horse,background,2,known/horse.png,known/background/horse_2.png,skelwick
174,9,known,known,horse,background,5,known/horse.png,known/background/horse_5.png,skelwick
175,4,known,known,horse,background,8,known/horse.png,known/background/horse_8.png,skelwick
176,5,known,known,horse,background,11,known/horse.png,known/background/horse_11.png,skelwick
177,6,known,known,horse,background,14,known/horse.png,known/background/horse_14.png,skelwick
178,2,known,known,horse,background,17,known/horse.png,known/background/horse_17.png,skelwick
179,4,known,known,horse,background,19,known/horse.png,known/background/horse_19.png,skelwick
180,6,known,known,horse,background,20,known/horse.png,known/background/horse_20.png,skelwick
181,1,known,known,horse,color,2,known/horse.png,known/color/horse_2.png,skelwick
182,1,known,known,horse,color,5,known/horse.png,known/color/horse_5.png,skelwick
183,1,known,known,horse,color,8,known/horse.png,known/color/horse_8.png,skelwick
184,3,known,known,horse,color,11,known/horse.png,known/color/horse_11.png,skelwick
185,3,known,known,horse,color,17,known/horse.png,known/color/horse_17.png,skelwick
186,8,known,known,horse,color,19,known/horse.png,known/color/horse_19.png,skelwick
187,9,known,known,horse,color,20,known/horse.png,known/color/horse_20.png,skelwick
188,1,known,known,horse,remove,2,known/horse.png,known/remove/horse_2.png,skelwick
189,7,known,known,horse,remove,5,known/horse.png,known/remove/horse_5.png,skelwick
190,1,known,known,horse,remove,8,known/horse.png,known/remove/horse_8.png,skelwick
191,8,known,known,horse,remove,11,known/horse.png,known/remove/horse_11.png,skelwick
192,1,known,known,horse,shape,2,known/horse.png,known/shape/horse_2.png,skelwick
193,8,known,known,horse,shape,5,known/horse.png,known/shape/horse_5.png,skelwick
194,9,known,known,horse,shape,8,known/horse.png,known/shape/horse_8.png,skelwick
195,4,known,known,horse,shape,11,known/horse.png,known/shape/horse_11.png,skelwick
196,3,known,known,horse,shape,14,known/horse.png,known/shape/horse_14.png,skelwick
197,4,known,known,horse,shape,17,known/horse.png,known/shape/horse_17.png,skelwick
198,5,known,known,horse,shape,19,known/horse.png,known/shape/horse_19.png,skelwick
199,3,known,known,horse,shape,20,known/horse.png,known/shape/horse_20.png,skelwick
200,7,known,known,horse,style,5,known/horse.png,known/style/horse_5.png,skelwick
201,0,known,known,horse,style,8,known/horse.png,known/style/horse_8.png,skelwick
202,3,known,known,horse,style,11,known/horse.png,known/style/horse_11.png,skelwick
203,1,known,known,horse,style,14,known/horse.png,known/style/horse_14.png,skelwick
204,9,known,known,horse,style,17,known/horse.png,known/style/horse_17.png,skelwick
205,6,known,known,horse,style,19,known/horse.png,known/style/horse_19.png,skelwick
206,4,known,known,horse,style,20,known/horse.png,known/style/horse_20.png,skelwick
207,8,known,known,rabbit,add,2,known/rabbit.png,known/add/rabbit_2.png,wrivlet
208,7,known,known,rabbit,add,5,known/rabbit.png,known/add/rabbit_5.png,wrivlet
209,2,known,known,rabbit,add,8,known/rabbit.png,known/add/rabbit_8.png,wrivlet
210,5,known,known,rabbit,add,11,known/rabbit.png,known/add/rabbit_11.png,wrivlet
211,5,known,known,rabbit,add,14,known/rabbit.png,known/add/rabbit_14.png,wrivlet
212,6,known,known,rabbit,add,17,known/rabbit.png,known/add/rabbit_17.png,wrivlet
213,7,known,known,rabbit,add,19,known/rabbit.png,known/add/rabbit_19.png,wrivlet
214,6,known,known,rabbit,add,20,known/rabbit.png,known/add/rabbit_20.png,wrivlet
215,3,known,known,rabbit,background,2,known/rabbit.png,known/background/rabbit_2.png,wrivlet
216,9,known,known,rabbit,background,5,known/rabbit.png,known/background/rabbit_5.png,wrivlet
217,9,known,known,rabbit,background,8,known/rabbit.png,known/background/rabbit_8.png,wrivlet
218,6,known,known,rabbit,background,11,known/rabbit.png,known/background/rabbit_11.png,wrivlet
219,8,known,known,rabbit,background,14,known/rabbit.png,known/background/rabbit_14.png,wrivlet
220,1,known,known,rabbit,background,17,known/rabbit.png,known/background/rabbit_17.png,wrivlet
221,4,known,known,rabbit,background,19,known/rabbit.png,known/background/rabbit_19.png,wrivlet
222,9,known,known,rabbit,background,20,known/rabbit.png,known/background/rabbit_20.png,wrivlet
223,2,known,known,rabbit,color,2,known/rabbit.png,known/color/rabbit_2.png,wrivlet
224,5,known,known,rabbit,color,5,known/rabbit.png,known/color/rabbit_5.png,wrivlet
225,7,known,known,rabbit,color,8,known/rabbit.png,known/color/rabbit_8.png,wrivlet
226,5,known,known,rabbit,color,11,known/rabbit.png,known/color/rabbit_11.png,wrivlet
227,5,known,known,rabbit,color,14,known/rabbit.png,known/color/rabbit_14.png,wrivlet
228,3,known,known,rabbit,color,17,known/rabbit.png,known/color/rabbit_17.png,wrivlet
229,8,known,known,rabbit,color,19,known/rabbit.png,known/color/rabbit_19.png,wrivlet
230,2,known,known,rabbit,color,20,known/rabbit.png,known/color/rabbit_20.png,wrivlet
231,9,known,known,rabbit,remove,2,known/rabbit.png,known/remove/rabbit_2.png,wrivlet
232,5,known,known,rabbit,remove,5,known/rabbit.png,known/remove/rabbit_5.png,wrivlet
233,7,known,known,rabbit,remove,8,known/rabbit.png,known/remove/rabbit_8.png,wrivlet
234,4,known,known,rabbit,remove,11,known/rabbit.png,known/remove/rabbit_11.png,wrivlet
235,0,known,known,rabbit,shape,2,known/rabbit.png,known/shape/rabbit_2.png,wrivlet
236,5,known,known,rabbit,shape,5,known/rabbit.png,known/shape/rabbit_5.png,wrivlet
237,6,known,known,rabbit,shape,8,known/rabbit.png,known/shape/rabbit_8.png,wrivlet
238,7,known,known,rabbit,shape,11,known/rabbit.png,known/shape/rabbit_11.png,wrivlet
239,7,known,known,rabbit,shape,14,known/rabbit.png,known/shape/rabbit_14.png,wrivlet
240,5,known,known,rabbit,shape,17,known/rabbit.png,known/shape/rabbit_17.png,wrivlet
241,3,known,known,rabbit,shape,19,known/rabbit.png,known/shape/rabbit_19.png,wrivlet
242,7,known,known,rabbit,shape,20,known/rabbit.png,known/shape/rabbit_20.png,wrivlet
243,9,known,known,rabbit,style,2,known/rabbit.png,known/style/rabbit_2.png,wrivlet
244,9,known,known,rabbit,style,5,known/rabbit.png,known/style/rabbit_5.png,wrivlet
245,3,known,known,rabbit,style,8,known/rabbit.png,known/style/rabbit_8.png,wrivlet
246,1,known,known,rabbit,style,11,known/rabbit.png,known/style/rabbit_11.png,wrivlet
247,6,known,known,rabbit,style,14,known/rabbit.png,known/style/rabbit_14.png,wrivlet
248,6,known,known,rabbit,style,17,known/rabbit.png,known/style/rabbit_17.png,wrivlet
249,6,modified/shape-shape,modified/shape-shape,bonsai_crystal,add,2,modified-shape-shape/bonsai_crystal.png,modified-shape-shape/add/bonsai_crystal_2.png,cravish
250,2,modified/shape-shape,modified/shape-shape,bonsai_crystal,add,5,modified-shape-shape/bonsai_crystal.png,modified-shape-shape/add/bonsai_crystal_5.png,cravish
251,5,modified/shape-shape,modified/shape-shape,bonsai_crystal,add,8,modified-shape-shape/bonsai_crystal.png,modified-shape-shape/add/bonsai_crystal_8.png,cravish
252,7,modified/shape-shape,modified/shape-shape,bonsai_crystal,add,11,modified-shape-shape/bonsai_crystal.png,modified-shape-shape/add/bonsai_crystal_11.png,cravish
253,6,modified/shape-shape,modified/shape-shape,bonsai_crystal,add,14,modified-shape-shape/bonsai_crystal.png,modified-shape-shape/add/bonsai_crystal_14.png,cravish
254,9,modified/shape-shape,modified/shape-shape,bonsai_crystal,add,17,modified-shape-shape/bonsai_crystal.png,modified-shape-shape/add/bonsai_crystal_17.png,cravish
255,4,modified/shape-shape,modified/shape-shape,bonsai_crystal,add,19,modified-shape-shape/bonsai_crystal.png,modified-shape-shape/add/bonsai_crystal_19.png,cravish
256,1,modified/shape-shape,modified/shape-shape,bonsai_crystal,add,20,modified-shape-shape/bonsai_crystal.png,modified-shape-shape/add/bonsai_crystal_20.png,cravish
257,2,modified/shape-shape,modified/shape-shape,bonsai_crystal,background,2,modified-shape-shape/bonsai_crystal.png,modified-shape-shape/background/bonsai_crystal_2.png,cravish
258,9,modified/shape-shape,modified/shape-shape,bonsai_crystal,background,5,modified-shape-shape/bonsai_crystal.png,modified-shape-shape/background/bonsai_crystal_5.png,cravish
259,6,modified/shape-shape,modified/shape-shape,bonsai_crystal,background,8,modified-shape-shape/bonsai_crystal.png,modified-shape-shape/background/bonsai_crystal_8.png,cravish
260,9,modified/shape-shape,modified/shape-shape,bonsai_crystal,background,11,modified-shape-shape/bonsai_crystal.png,modified-shape-shape/background/bonsai_crystal_11.png,cravish
261,4,modified/shape-shape,modified/shape-shape,bonsai_crystal,background,14,modified-shape-shape/bonsai_crystal.png,modified-shape-shape/background/bonsai_crystal_14.png,cravish
262,5,modified/shape-shape,modified/shape-shape,bonsai_crystal,background,17,modified-shape-shape/bonsai_crystal.png,modified-shape-shape/background/bonsai_crystal_17.png,cravish
263,0,modified/shape-shape,modified/shape-shape,bonsai_crystal,background,19,modified-shape-shape/bonsai_crystal.png,modified-shape-shape/background/bonsai_crystal_19.png,cravish
264,2,modified/shape-shape,modified/shape-shape,bonsai_crystal,background,20,modified-shape-shape/bonsai_crystal.png,modified-shape-shape/background/bonsai_crystal_20.png,cravish
265,7,modified/shape-shape,modified/shape-shape,bonsai_crystal,color,2,modified-shape-shape/bonsai_crystal.png,modified-shape-shape/color/bonsai_crystal_2.png,cravish
266,6,modified/shape-shape,modified/shape-shape,bonsai_crystal,color,5,modified-shape-shape/bonsai_crystal.png,modified-shape-shape/color/bonsai_crystal_5.png,cravish
267,1,modified/shape-shape,modified/shape-shape,bonsai_crystal,color,8,modified-shape-shape/bonsai_crystal.png,modified-shape-shape/color/bonsai_crystal_8.png,cravish
268,7,modified/shape-shape,modified/shape-shape,bonsai_crystal,color,11,modified-shape-shape/bonsai_crystal.png,modified-shape-shape/color/bonsai_crystal_11.png,cravish
269,3,modified/shape-shape,modified/shape-shape,bonsai_crystal,color,14,modified-shape-shape/bonsai_crystal.png,modified-shape-shape/color/bonsai_crystal_14.png,cravish
270,7,modified/shape-shape,modified/shape-shape,bonsai_crystal,color,17,modified-shape-shape/bonsai_crystal.png,modified-shape-shape/color/bonsai_crystal_17.png,cravish
271,6,modified/shape-shape,modified/shape-shape,bonsai_crystal,color,19,modified-shape-shape/bonsai_crystal.png,modified-shape-shape/color/bonsai_crystal_19.png,cravish
272,9,modified/shape-shape,modified/shape-shape,bonsai_crystal,color,20,modified-shape-shape/bonsai_crystal.png,modified-shape-shape/color/bonsai_crystal_20.png,cravish
273,0,modified/shape-shape,modified/shape-shape,bonsai_crystal,remove,2,modified-shape-shape/bonsai_crystal.png,modified-shape-shape/remove/bonsai_crystal_2.png,cravish
274,1,modified/shape-shape,modified/shape-shape,bonsai_crystal,remove,5,modified-shape-shape/bonsai_crystal.png,modified-shape-shape/remove/bonsai_crystal_5.png,cravish
275,3,modified/shape-shape,modified/shape-shape,bonsai_crystal,remove,8,modified-shape-shape/bonsai_crystal.png,modified-shape-shape/remove/bonsai_crystal_8.png,cravish
276,0,modified/shape-shape,modified/shape-shape,bonsai_crystal,remove,11,modified-shape-shape/bonsai_crystal.png,modified-shape-shape/remove/bonsai_crystal_11.png,cravish
277,8,modified/shape-shape,modified/shape-shape,bonsai_crystal,remove,14,modified-shape-shape/bonsai_crystal.png,modified-shape-shape/remove/bonsai_crystal_14.png,cravish
278,5,modified/shape-shape,modified/shape-shape,bonsai_crystal,remove,17,modified-shape-shape/bonsai_crystal.png,modified-shape-shape/remove/bonsai_crystal_17.png,cravish
279,7,modified/shape-shape,modified/shape-shape,bonsai_crystal,remove,19,modified-shape-shape/bonsai_crystal.png,modified-shape-shape/remove/bonsai_crystal_19.png,cravish
280,8,modified/shape-shape,modified/shape-shape,bonsai_crystal,remove,20,modified-shape-shape/bonsai_crystal.png,modified-shape-shape/remove/bonsai_crystal_20.png,cravish
281,2,modified/shape-shape,modified/shape-shape,bonsai_crystal,shape,2,modified-shape-shape/bonsai_crystal.png,modified-shape-shape/shape/bonsai_crystal_2.png,cravish
282,4,modified/shape-shape,modified/shape-shape,bonsai_crystal,shape,5,modified-shape-shape/bonsai_crystal.png,modified-shape-shape/shape/bonsai_crystal_5.png,cravish
283,2,modified/shape-shape,modified/shape-shape,bonsai_crystal,shape,8,modified-shape-shape/bonsai_crystal.png,modified-shape-shape/shape/bonsai_crystal_8.png,cravish
284,4,modified/shape-shape,modified/shape-shape,bonsai_crystal,shape,11,modified-shape-shape/bonsai_crystal.png,modified-shape-shape/shape/bonsai_crystal_11.png,cravish
285,0,modified/shape-shape,modified/shape-shape,bonsai_crystal,shape,14,modified-shape-shape/bonsai_crystal.png,modified-shape-shape/shape/bonsai_crystal_14.png,cravish
286,1,modified/shape-shape,modified/shape-shape,bonsai_crystal,shape,17,modified-shape-shape/bonsai_crystal.png,modified-shape-shape/shape/bonsai_crystal_17.png,cravish
287,1,modified/shape-shape,modified/shape-shape,bonsai_crystal,shape,19,modified-shape-shape/bonsai_crystal.png,modified-shape-shape/shape/bonsai_crystal_19.png,cravish
288,4,modified/shape-shape,modified/shape-shape,bonsai_crystal,shape,20,modified-shape-shape/bonsai_crystal.png,modified-shape-shape/shape/bonsai_crystal_20.png,cravish
289,8,modified/shape-shape,modified/shape-shape,bonsai_crystal,style,2,modified-shape-shape/bonsai_crystal.png,modified-shape-shape/style/bonsai_crystal_2.png,cravish
290,5,modified/shape-shape,modified/shape-shape,bonsai_crystal,style,5,modified-shape-shape/bonsai_crystal.png,modified-shape-shape/style/bonsai_crystal_5.png,cravish
291,1,modified/shape-shape,modified/shape-shape,bonsai_crystal,style,8,modified-shape-shape/bonsai_crystal.png,modified-shape-shape/style/bonsai_crystal_8.png,cravish
292,7,modified/shape-shape,modified/shape-shape,bonsai_crystal,style,11,modified-shape-shape/bonsai_crystal.png,modified-shape-shape/style/bonsai_crystal_11.png,cravish
293,3,modified/shape-shape,modified/shape-shape,bonsai_crystal,style,14,modified-shape-shape/bonsai_crystal.png,modified-shape-shape/style/bonsai_crystal_14.png,cravish
294,8,modified/shape-shape,modified/shape-shape,bonsai_crystal,style,17,modified-shape-shape/bonsai_crystal.png,modified-shape-shape/style/bonsai_crystal_17.png,cravish
295,8,modified/shape-shape,modified/shape-shape,bonsai_crystal,style,19,modified-shape-shape/bonsai_crystal.png,modified-shape-shape/style/bonsai_crystal_19.png,cravish
296,1,modified/shape-shape,modified/shape-shape,crystal_telescope,add,2,modified-shape-shape/crystal_telescope.png,modified-shape-shape/add/crystal_telescope_2.png,drublit
297,3,modified/shape-shape,modified/shape-shape,crystal_telescope,add,5,modified-shape-shape/crystal_telescope.png,modified-shape-shape/add/crystal_telescope_5.png,drublit
298,8,modified/shape-shape,modified/shape-shape,crystal_telescope,add,8,modified-shape-shape/crystal_telescope.png,modified-shape-shape/add/crystal_telescope_8.png,drublit
299,9,modified/shape-shape,modified/shape-shape,crystal_telescope,add,11,modified-shape-shape/crystal_telescope.png,modified-shape-shape/add/crystal_telescope_11.png,drublit
300,0,modified/shape-shape,modified/shape-shape,crystal_telescope,add,14,modified-shape-shape/crystal_telescope.png,modified-shape-shape/add/crystal_telescope_14.png,drublit
301,1,modified/shape-shape,modified/shape-shape,crystal_telescope,add,17,modified-shape-shape/crystal_telescope.png,modified-shape-shape/add/crystal_telescope_17.png,drublit
302,9,modified/shape-shape,modified/shape-shape,crystal_telescope,add,19,modified-shape-shape/crystal_telescope.png,modified-shape-shape/add/crystal_telescope_19.png,drublit
303,8,modified/shape-shape,modified/shape-shape,crystal_telescope,add,20,modified-shape-shape/crystal_telescope.png,modified-shape-shape/add/crystal_telescope_20.png,drublit
304,8,modified/shape-shape,modified/shape-shape,crystal_telescope,background,2,modified-shape-shape/crystal_telescope.png,modified-shape-shape/background/crystal_telescope_2.png,drublit
305,6,modified/shape-shape,modified/shape-shape,crystal_telescope,background,5,modified-shape-shape/crystal_telescope.png,modified-shape-shape/background/crystal_telescope_5.png,drublit
306,6,modified/shape-shape,modified/shape-shape,crystal_telescope,background,8,modified-shape-shape/crystal_telescope.png,modified-shape-shape/background/crystal_telescope_8.png,drublit
307,2,modified/shape-shape,modified/shape-shape,crystal_telescope,background,11,modified-shape-shape/crystal_telescope.png,modified-shape-shape/background/crystal_telescope_11.png,drublit
308,8,modified/shape-shape,modified/shape-shape,crystal_telescope,background,14,modified-shape-shape/crystal_telescope.png,modified-shape-shape/background/crystal_telescope_14.png,drublit
309,4,modified/shape-shape,modified/shape-shape,crystal_telescope,background,17,modified-shape-shape/crystal_telescope.png,modified-shape-shape/background/crystal_telescope_17.png,drublit
310,2,modified/shape-shape,modified/shape-shape,crystal_telescope,background,19,modified-shape-shape/crystal_telescope.png,modified-shape-shape/background/crystal_telescope_19.png,drublit
311,7,modified/shape-shape,modified/shape-shape,crystal_telescope,background,20,modified-shape-shape/crystal_telescope.png,modified-shape-shape/background/crystal_telescope_20.png,drublit
312,5,modified/shape-shape,modified/shape-shape,crystal_telescope,color,2,modified-shape-shape/crystal_telescope.png,modified-shape-shape/color/crystal_telescope_2.png,drublit
313,4,modified/shape-shape,modified/shape-shape,crystal_telescope,color,5,modified-shape-shape/crystal_telescope.png,modified-shape-shape/color/crystal_telescope_5.png,drublit
314,7,modified/shape-shape,modified/shape-shape,crystal_telescope,color,8,modified-shape-shape/crystal_telescope.png,modified-shape-shape/color/crystal_telescope_8.png,drublit
315,1,modified/shape-shape,modified/shape-shape,crystal_telescope,color,11,modified-shape-shape/crystal_telescope.png,modified-shape-shape/color/crystal_telescope_11.png,drublit
316,8,modified/shape-shape,modified/shape-shape,crystal_telescope,color,14,modified-shape-shape/crystal_telescope.png,modified-shape-shape/color/crystal_telescope_14.png,drublit
317,5,modified/shape-shape,modified/shape-shape,crystal_telescope,color,17,modified-shape-shape/crystal_telescope.png,modified-shape-shape/color/crystal_telescope_17.png,drublit
318,6,modified/shape-shape,modified/shape-shape,crystal_telescope,color,19,modified-shape-shape/crystal_telescope.png,modified-shape-shape/color/crystal_telescope_19.png,drublit
319,0,modified/shape-shape,modified/shape-shape,crystal_telescope,color,20,modified-shape-shape/crystal_telescope.png,modified-shape-shape/color/crystal_telescope_20.png,drublit
320,5,modified/shape-shape,modified/shape-shape,crystal_telescope,remove,2,modified-shape-shape/crystal_telescope.png,modified-shape-shape/remove/crystal_telescope_2.png,drublit
321,8,modified/shape-shape,modified/shape-shape,crystal_telescope,remove,5,modified-shape-shape/crystal_telescope.png,modified-shape-shape/remove/crystal_telescope_5.png,drublit
322,6,modified/shape-shape,modified/shape-shape,crystal_telescope,remove,8,modified-shape-shape/crystal_telescope.png,modified-shape-shape/remove/crystal_telescope_8.png,drublit
323,9,modified/shape-shape,modified/shape-shape,crystal_telescope,remove,11,modified-shape-shape/crystal_telescope.png,modified-shape-shape/remove/crystal_telescope_11.png,drublit
324,1,modified/shape-shape,modified/shape-shape,crystal_telescope,remove,14,modified-shape-shape/crystal_telescope.png,modified-shape-shape/remove/crystal_telescope_14.png,drublit
325,8,modified/shape-shape,modified/shape-shape,crystal_telescope,remove,17,modified-shape-shape/crystal_telescope.png,modified-shape-shape/remove/crystal_telescope_17.png,drublit
326,9,modified/shape-shape,modified/shape-shape,crystal_telescope,remove,19,modified-shape-shape/crystal_telescope.png,modified-shape-shape/remove/crystal_telescope_19.png,drublit
327,9,modified/shape-shape,modified/shape-shape,crystal_telescope,remove,20,modified-shape-shape/crystal_telescope.png,modified-shape-shape/remove/crystal_telescope_20.png,drublit
328,2,modified/shape-shape,modified/shape-shape,crystal_telescope,shape,2,modified-shape-shape/crystal_telescope.png,modified-shape-shape/shape/crystal_telescope_2.png,drublit
329,5,modified/shape-shape,modified/shape-shape,crystal_telescope,shape,5,modified-shape-shape/crystal_telescope.png,modified-shape-shape/shape/crystal_telescope_5.png,drublit
330,8,modified/shape-shape,modified/shape-shape,crystal_telescope,shape,8,modified-shape-shape/crystal_telescope.png,modified-shape-shape/shape/crystal_telescope_8.png,drublit
331,6,modified/shape-shape,modified/shape-shape,crystal_telescope,shape,11,modified-shape-shape/crystal_telescope.png,modified-shape-shape/shape/crystal_telescope_11.png,drublit
332,0,modified/shape-shape,modified/shape-shape,crystal_telescope,shape,17,modified-shape-shape/crystal_telescope.png,modified-shape-shape/shape/crystal_telescope_17.png,drublit
333,0,modified/shape-shape,modified/shape-shape,crystal_telescope,shape,19,modified-shape-shape/crystal_telescope.png,modified-shape-shape/shape/crystal_telescope_19.png,drublit
334,0,modified/shape-shape,modified/shape-shape,crystal_telescope,style,2,modified-shape-shape/crystal_telescope.png,modified-shape-shape/style/crystal_telescope_2.png,drublit
335,3,modified/shape-shape,modified/shape-shape,crystal_telescope,style,5,modified-shape-shape/crystal_telescope.png,modified-shape-shape/style/crystal_telescope_5.png,drublit
336,0,modified/shape-shape,modified/shape-shape,crystal_telescope,style,8,modified-shape-shape/crystal_telescope.png,modified-shape-shape/style/crystal_telescope_8.png,drublit
337,3,modified/shape-shape,modified/shape-shape,crystal_telescope,style,11,modified-shape-shape/crystal_telescope.png,modified-shape-shape/style/crystal_telescope_11.png,drublit
338,8,modified/shape-shape,modified/shape-shape,crystal_telescope,style,14,modified-shape-shape/crystal_telescope.png,modified-shape-shape/style/crystal_telescope_14.png,drublit
339,4,modified/shape-shape,modified/shape-shape,crystal_telescope,style,17,modified-shape-shape/crystal_telescope.png,modified-shape-shape/style/crystal_telescope_17.png,drublit
340,2,modified/shape-shape,modified/shape-shape,drone_dagger,add,2,modified-shape-shape/drone_dagger.png,modified-shape-shape/add/drone_dagger_2.png,zornett
341,4,modified/shape-shape,modified/shape-shape,drone_dagger,add,5,modified-shape-shape/drone_dagger.png,modified-shape-shape/add/drone_dagger_5.png,zornett
342,9,modified/shape-shape,modified/shape-shape,drone_dagger,add,8,modified-shape-shape/drone_dagger.png,modified-shape-shape/add/drone_dagger_8.png,zornett
343,9,modified/shape-shape,modified/shape-shape,drone_dagger,add,11,modified-shape-shape/drone_dagger.png,modified-shape-shape/add/drone_dagger_11.png,zornett
344,7,modified/shape-shape,modified/shape-shape,drone_dagger,add,14,modified-shape-shape/drone_dagger.png,modified-shape-shape/add/drone_dagger_14.png,zornett
345,3,modified/shape-shape,modified/shape-shape,drone_dagger,add,17,modified-shape-shape/drone_dagger.png,modified-shape-shape/add/drone_dagger_17.png,zornett
346,9,modified/shape-shape,modified/shape-shape,drone_dagger,add,19,modified-shape-shape/drone_dagger.png,modified-shape-shape/add/drone_dagger_19.png,zornett
347,2,modified/shape-shape,modified/shape-shape,drone_dagger,add,20,modified-shape-shape/drone_dagger.png,modified-shape-shape/add/drone_dagger_20.png,zornett
348,5,modified/shape-shape,modified/shape-shape,drone_dagger,background,2,modified-shape-shape/drone_dagger.png,modified-shape-shape/background/drone_dagger_2.png,zornett
349,1,modified/shape-shape,modified/shape-shape,drone_dagger,background,5,modified-shape-shape/drone_dagger.png,modified-shape-shape/background/drone_dagger_5.png,zornett
350,9,modified/shape-shape,modified/shape-shape,drone_dagger,background,8,modified-shape-shape/drone_dagger.png,modified-shape-shape/background/drone_dagger_8.png,zornett
351,2,modified/shape-shape,modified/shape-shape,drone_dagger,background,11,modified-shape-shape/drone_dagger.png,modified-shape-shape/background/drone_dagger_11.png,zornett
352,5,modified/shape-shape,modified/shape-shape,drone_dagger,background,14,modified-shape-shape/drone_dagger.png,modified-shape-shape/background/drone_dagger_14.png,zornett
353,4,modified/shape-shape,modified/shape-shape,drone_dagger,background,17,modified-shape-shape/drone_dagger.png,modified-shape-shape/background/drone_dagger_17.png,zornett
354,4,modified/shape-shape,modified/shape-shape,drone_dagger,background,19,modified-shape-shape/drone_dagger.png,modified-shape-shape/background/drone_dagger_19.png,zornett
355,2,modified/shape-shape,modified/shape-shape,drone_dagger,background,20,modified-shape-shape/drone_dagger.png,modified-shape-shape/background/drone_dagger_20.png,zornett
356,8,modified/shape-shape,modified/shape-shape,drone_dagger,color,2,modified-shape-shape/drone_dagger.png,modified-shape-shape/color/drone_dagger_2.png,zornett
357,9,modified/shape-shape,modified/shape-shape,drone_dagger,color,5,modified-shape-shape/drone_dagger.png,modified-shape-shape/color/drone_dagger_5.png,zornett
358,5,modified/shape-shape,modified/shape-shape,drone_dagger,color,8,modified-shape-shape/drone_dagger.png,modified-shape-shape/color/drone_dagger_8.png,zornett
359,5,modified/shape-shape,modified/shape-shape,drone_dagger,color,11,modified-shape-shape/drone_dagger.png,modified-shape-shape/color/drone_dagger_11.png,zornett
360,3,modified/shape-shape,modified/shape-shape,drone_dagger,color,14,modified-shape-shape/drone_dagger.png,modified-shape-shape/color/drone_dagger_14.png,zornett
361,6,modified/shape-shape,modified/shape-shape,drone_dagger,color,17,modified-shape-shape/drone_dagger.png,modified-shape-shape/color/drone_dagger_17.png,zornett
362,9,modified/shape-shape,modified/shape-shape,drone_dagger,color,19,modified-shape-shape/drone_dagger.png,modified-shape-shape/color/drone_dagger_19.png,zornett
363,0,modified/shape-shape,modified/shape-shape,drone_dagger,color,20,modified-shape-shape/drone_dagger.png,modified-shape-shape/color/drone_dagger_20.png,zornett
364,4,modified/shape-shape,modified/shape-shape,drone_dagger,remove,2,modified-shape-shape/drone_dagger.png,modified-shape-shape/remove/drone_dagger_2.png,zornett
365,4,modified/shape-shape,modified/shape-shape,drone_dagger,remove,5,modified-shape-shape/drone_dagger.png,modified-shape-shape/remove/drone_dagger_5.png,zornett
366,3,modified/shape-shape,modified/shape-shape,drone_dagger,remove,8,modified-shape-shape/drone_dagger.png,modified-shape-shape/remove/drone_dagger_8.png,zornett
367,0,modified/shape-shape,modified/shape-shape,drone_dagger,remove,11,modified-shape-shape/drone_dagger.png,modified-shape-shape/remove/drone_dagger_11.png,zornett
368,6,modified/shape-shape,modified/shape-shape,drone_dagger,remove,14,modified-shape-shape/drone_dagger.png,modified-shape-shape/remove/drone_dagger_14.png,zornett
369,4,modified/shape-shape,modified/shape-shape,drone_dagger,remove,17,modified-shape-shape/drone_dagger.png,modified-shape-shape/remove/drone_dagger_17.png,zornett
370,0,modified/shape-shape,modified/shape-shape,drone_dagger,remove,19,modified-shape-shape/drone_dagger.png,modified-shape-shape/remove/drone_dagger_19.png,zornett
371,3,modified/shape-shape,modified/shape-shape,drone_dagger,remove,20,modified-shape-shape/drone_dagger.png,modified-shape-shape/remove/drone_dagger_20.png,zornett
372,8,modified/shape-shape,modified/shape-shape,drone_dagger,shape,2,modified-shape-shape/drone_dagger.png,modified-shape-shape/shape/drone_dagger_2.png,zornett
373,7,modified/shape-shape,modified/shape-shape,drone_dagger,shape,5,modified-shape-shape/drone_dagger.png,modified-shape-shape/shape/drone_dagger_5.png,zornett
374,2,modified/shape-shape,modified/shape-shape,drone_dagger,shape,8,modified-shape-shape/drone_dagger.png,modified-shape-shape/shape/drone_dagger_8.png,zornett
375,9,modified/shape-shape,modified/shape-shape,drone_dagger,shape,11,modified-shape-shape/drone_dagger.png,modified-shape-shape/shape/drone_dagger_11.png,zornett
376,7,modified/shape-shape,modified/shape-shape,drone_dagger,shape,14,modified-shape-shape/drone_dagger.png,modified-shape-shape/shape/drone_dagger_14.png,zornett
377,7,modified/shape-shape,modified/shape-shape,drone_dagger,shape,17,modified-shape-shape/drone_dagger.png,modified-shape-shape/shape/drone_dagger_17.png,zornett
378,8,modified/shape-shape,modified/shape-shape,drone_dagger,shape,19,modified-shape-shape/drone_dagger.png,modified-shape-shape/shape/drone_dagger_19.png,zornett
379,3,modified/shape-shape,modified/shape-shape,drone_dagger,shape,20,modified-shape-shape/drone_dagger.png,modified-shape-shape/shape/drone_dagger_20.png,zornett
380,5,modified/shape-shape,modified/shape-shape,drone_dagger,style,2,modified-shape-shape/drone_dagger.png,modified-shape-shape/style/drone_dagger_2.png,zornett
381,2,modified/shape-shape,modified/shape-shape,drone_dagger,style,5,modified-shape-shape/drone_dagger.png,modified-shape-shape/style/drone_dagger_5.png,zornett
382,7,modified/shape-shape,modified/shape-shape,drone_dagger,style,8,modified-shape-shape/drone_dagger.png,modified-shape-shape/style/drone_dagger_8.png,zornett
383,6,modified/shape-shape,modified/shape-shape,drone_dagger,style,11,modified-shape-shape/drone_dagger.png,modified-shape-shape/style/drone_dagger_11.png,zornett
384,2,modified/shape-shape,modified/shape-shape,drone_dagger,style,17,modified-shape-shape/drone_dagger.png,modified-shape-shape/style/drone_dagger_17.png,zornett
385,0,modified/shape-shape,modified/shape-shape,drone_dagger,style,19,modified-shape-shape/drone_dagger.png,modified-shape-shape/style/drone_dagger_19.png,zornett
386,6,modified/shape-shape,modified/shape-shape,drone_dagger,style,20,modified-shape-shape/drone_dagger.png,modified-shape-shape/style/drone_dagger_20.png,zornett
387,3,modified/shape-texture,modified/shape-texture,bird-feathers_saxophone,add,2,modified-shape-texture/bird-feathers_saxophone.png,modified-shape-texture/add/bird-feathers_saxophone_2.png,plonwick
388,5,modified/shape-texture,modified/shape-texture,bird-feathers_saxophone,add,5,modified-shape-texture/bird-feathers_saxophone.png,modified-shape-texture/add/bird-feathers_saxophone_5.png,plonwick
389,6,modified/shape-texture,modified/shape-texture,bird-feathers_saxophone,add,8,modified-shape-texture/bird-feathers_saxophone.png,modified-shape-texture/add/bird-feathers_saxophone_8.png,plonwick
390,4,modified/shape-texture,modified/shape-texture,bird-feathers_saxophone,add,11,modified-shape-texture/bird-feathers_saxophone.png,modified-shape-texture/add/bird-feathers_saxophone_11.png,plonwick
391,9,modified/shape-texture,modified/shape-texture,bird-feathers_saxophone,add,14,modified-shape-texture/bird-feathers_saxophone.png,modified-shape-texture/add/bird-feathers_saxophone_14.png,plonwick
392,9,modified/shape-texture,modified/shape-texture,bird-feathers_saxophone,add,17,modified-shape-texture/bird-feathers_saxophone.png,modified-shape-texture/add/bird-feathers_saxophone_17.png,plonwick
393,1,modified/shape-texture,modified/shape-texture,bird-feathers_saxophone,add,19,modified-shape-texture/bird-feathers_saxophone.png,modified-shape-texture/add/bird-feathers_saxophone_19.png,plonwick
394,2,modified/shape-texture,modified/shape-texture,bird-feathers_saxophone,add,20,modified-shape-texture/bird-feathers_saxophone.png,modified-shape-texture/add/bird-feathers_saxophone_20.png,plonwick
395,8,modified/shape-texture,modified/shape-texture,bird-feathers_saxophone,background,2,modified-shape-texture/bird-feathers_saxophone.png,modified-shape-texture/background/bird-feathers_saxophone_2.png,plonwick
396,5,modified/shape-texture,modified/shape-texture,bird-feathers_saxophone,background,5,modified-shape-texture/bird-feathers_saxophone.png,modified-shape-texture/background/bird-feathers_saxophone_5.png,plonwick
397,6,modified/shape-texture,modified/shape-texture,bird-feathers_saxophone,background,8,modified-shape-texture/bird-feathers_saxophone.png,modified-shape-texture/background/bird-feathers_saxophone_8.png,plonwick
398,8,modified/shape-texture,modified/shape-texture,bird-feathers_saxophone,background,11,modified-shape-texture/bird-feathers_saxophone.png,modified-shape-texture/background/bird-feathers_saxophone_11.png,plonwick
399,9,modified/shape-texture,modified/shape-texture,bird-feathers_saxophone,background,14,modified-shape-texture/bird-feathers_saxophone.png,modified-shape-texture/background/bird-feathers_saxophone_14.png,plonwick
400,7,modified/shape-texture,modified/shape-texture,bird-feathers_saxophone,background,17,modified-shape-texture/bird-feathers_saxophone.png,modified-shape-texture/background/bird-feathers_saxophone_17.png,plonwick
401,8,modified/shape-texture,modified/shape-texture,bird-feathers_saxophone,background,19,modified-shape-texture/bird-feathers_saxophone.png,modified-shape-texture/background/bird-feathers_saxophone_19.png,plonwick
402,0,modified/shape-texture,modified/shape-texture,bird-feathers_saxophone,background,20,modified-shape-texture/bird-feathers_saxophone.png,modified-shape-texture/background/bird-feathers_saxophone_20.png,plonwick
403,1,modified/shape-texture,modified/shape-texture,bird-feathers_saxophone,color,2,modified-shape-texture/bird-feathers_saxophone.png,modified-shape-texture/color/bird-feathers_saxophone_2.png,plonwick
404,9,modified/shape-texture,modified/shape-texture,bird-feathers_saxophone,color,5,modified-shape-texture/bird-feathers_saxophone.png,modified-shape-texture/color/bird-feathers_saxophone_5.png,plonwick
405,9,modified/shape-texture,modified/shape-texture,bird-feathers_saxophone,color,8,modified-shape-texture/bird-feathers_saxophone.png,modified-shape-texture/color/bird-feathers_saxophone_8.png,plonwick
406,4,modified/shape-texture,modified/shape-texture,bird-feathers_saxophone,color,11,modified-shape-texture/bird-feathers_saxophone.png,modified-shape-texture/color/bird-feathers_saxophone_11.png,plonwick
407,7,modified/shape-texture,modified/shape-texture,bird-feathers_saxophone,color,14,modified-shape-texture/bird-feathers_saxophone.png,modified-shape-texture/color/bird-feathers_saxophone_14.png,plonwick
408,7,modified/shape-texture,modified/shape-texture,bird-feathers_saxophone,color,17,modified-shape-texture/bird-feathers_saxophone.png,modified-shape-texture/color/bird-feathers_saxophone_17.png,plonwick
409,4,modified/shape-texture,modified/shape-texture,bird-feathers_saxophone,color,19,modified-shape-texture/bird-feathers_saxophone.png,modified-shape-texture/color/bird-feathers_saxophone_19.png,plonwick
410,1,modified/shape-texture,modified/shape-texture,bird-feathers_saxophone,color,20,modified-shape-texture/bird-feathers_saxophone.png,modified-shape-texture/color/bird-feathers_saxophone_20.png,plonwick
411,2,modified/shape-texture,modified/shape-texture,bird-feathers_saxophone,remove,2,modified-shape-texture/bird-feathers_saxophone.png,modified-shape-texture/remove/bird-feathers_saxophone_2.png,plonwick
412,6,modified/shape-texture,modified/shape-texture,bird-feathers_saxophone,remove,5,modified-shape-texture/bird-feathers_saxophone.png,modified-shape-texture/remove/bird-feathers_saxophone_5.png,plonwick
413,8,modified/shape-texture,modified/shape-texture,bird-feathers_saxophone,remove,8,modified-shape-texture/bird-feathers_saxophone.png,modified-shape-texture/remove/bird-feathers_saxophone_8.png,plonwick
414,6,modified/shape-texture,modified/shape-texture,bird-feathers_saxophone,remove,11,modified-shape-texture/bird-feathers_saxophone.png,modified-shape-texture/remove/bird-feathers_saxophone_11.png,plonwick
415,1,modified/shape-texture,modified/shape-texture,bird-feathers_saxophone,remove,14,modified-shape-texture/bird-feathers_saxophone.png,modified-shape-texture/remove/bird-feathers_saxophone_14.png,plonwick
416,5,modified/shape-texture,modified/shape-texture,bird-feathers_saxophone,remove,17,modified-shape-texture/bird-feathers_saxophone.png,modified-shape-texture/remove/bird-feathers_saxophone_17.png,plonwick
417,5,modified/shape-texture,modified/shape-texture,bird-feathers_saxophone,remove,19,modified-shape-texture/bird-feathers_saxophone.png,modified-shape-texture/remove/bird-feathers_saxophone_19.png,plonwick
418,7,modified/shape-texture,modified/shape-texture,bird-feathers_saxophone,remove,20,modified-shape-texture/bird-feathers_saxophone.png,modified-shape-texture/remove/bird-feathers_saxophone_20.png,plonwick
419,7,modified/shape-texture,modified/shape-texture,bird-feathers_saxophone,shape,2,modified-shape-texture/bird-feathers_saxophone.png,modified-shape-texture/shape/bird-feathers_saxophone_2.png,plonwick
420,9,modified/shape-texture,modified/shape-texture,bird-feathers_saxophone,shape,5,modified-shape-texture/bird-feathers_saxophone.png,modified-shape-texture/shape/bird-feathers_saxophone_5.png,plonwick
421,6,modified/shape-texture,modified/shape-texture,bird-feathers_saxophone,shape,8,modified-shape-texture/bird-feathers_saxophone.png,modified-shape-texture/shape/bird-feathers_saxophone_8.png,plonwick
422,4,modified/shape-texture,modified/shape-texture,bird-feathers_saxophone,shape,11,modified-shape-texture/bird-feathers_saxophone.png,modified-shape-texture/shape/bird-feathers_saxophone_11.png,plonwick
423,9,modified/shape-texture,modified/shape-texture,bird-feathers_saxophone,shape,14,modified-shape-texture/bird-feathers_saxophone.png,modified-shape-texture/shape/bird-feathers_saxophone_14.png,plonwick
424,8,modified/shape-texture,modified/shape-texture,bird-feathers_saxophone,shape,17,modified-shape-texture/bird-feathers_saxophone.png,modified-shape-texture/shape/bird-feathers_saxophone_17.png,plonwick
425,0,modified/shape-texture,modified/shape-texture,bird-feathers_saxophone,shape,19,modified-shape-texture/bird-feathers_saxophone.png,modified-shape-texture/shape/bird-feathers_saxophone_19.png,plonwick
426,4,modified/shape-texture,modified/shape-texture,bird-feathers_saxophone,shape,20,modified-shape-texture/bird-feathers_saxophone.png,modified-shape-texture/shape/bird-feathers_saxophone_20.png,plonwick
427,8,modified/shape-texture,modified/shape-texture,bird-feathers_saxophone,style,2,modified-shape-texture/bird-feathers_saxophone.png,modified-shape-texture/style/bird-feathers_saxophone_2.png,plonwick
428,1,modified/shape-texture,modified/shape-texture,bird-feathers_saxophone,style,5,modified-shape-texture/bird-feathers_saxophone.png,modified-shape-texture/style/bird-feathers_saxophone_5.png,plonwick
429,8,modified/shape-texture,modified/shape-texture,bird-feathers_saxophone,style,8,modified-shape-texture/bird-feathers_saxophone.png,modified-shape-texture/style/bird-feathers_saxophone_8.png,plonwick
430,3,modified/shape-texture,modified/shape-texture,bird-feathers_saxophone,style,11,modified-shape-texture/bird-feathers_saxophone.png,modified-shape-texture/style/bird-feathers_saxophone_11.png,plonwick
431,0,modified/shape-texture,modified/shape-texture,bird-feathers_saxophone,style,14,modified-shape-texture/bird-feathers_saxophone.png,modified-shape-texture/style/bird-feathers_saxophone_14.png,plonwick
432,0,modified/shape-texture,modified/shape-texture,bird-feathers_saxophone,style,17,modified-shape-texture/bird-feathers_saxophone.png,modified-shape-texture/style/bird-feathers_saxophone_17.png,plonwick
433,7,modified/shape-texture,modified/shape-texture,bird-feathers_saxophone,style,19,modified-shape-texture/bird-feathers_saxophone.png,modified-shape-texture/style/bird-feathers_saxophone_19.png,plonwick
434,5,modified/shape-texture,modified/shape-texture,bird-feathers_saxophone,style,20,modified-shape-texture/bird-feathers_saxophone.png,modified-shape-texture/style/bird-feathers_saxophone_20.png,plonwick
435,8,modified/shape-texture,modified/shape-texture,checkerboard_tiger,add,2,modified-shape-texture/checkerboard_tiger.png,modified-shape-texture/add/checkerboard_tiger_2.png,clentrel
436,7,modified/shape-texture,modified/shape-texture,checkerboard_tiger,add,5,modified-shape-texture/checkerboard_tiger.png,modified-shape-texture/add/checkerboard_tiger_5.png,clentrel
437,3,modified/shape-texture,modified/shape-texture,checkerboard_tiger,add,11,modified-shape-texture/checkerboard_tiger.png,modified-shape-texture/add/checkerboard_tiger_11.png,clentrel
438,7,modified/shape-texture,modified/shape-texture,checkerboard_tiger,add,14,modified-shape-texture/checkerboard_tiger.png,modified-shape-texture/add/checkerboard_tiger_14.png,clentrel
439,3,modified/shape-texture,modified/shape-texture,checkerboard_tiger,add,17,modified-shape-texture/checkerboard_tiger.png,modified-shape-texture/add/checkerboard_tiger_17.png,clentrel
440,3,modified/shape-texture,modified/shape-texture,checkerboard_tiger,add,19,modified-shape-texture/checkerboard_tiger.png,modified-shape-texture/add/checkerboard_tiger_19.png,clentrel
441,0,modified/shape-texture,modified/shape-texture,checkerboard_tiger,add,20,modified-shape-texture/checkerboard_tiger.png,modified-shape-texture/add/checkerboard_tiger_20.png,clentrel
442,7,modified/shape-texture,modified/shape-texture,checkerboard_tiger,background,2,modified-shape-texture/checkerboard_tiger.png,modified-shape-texture/background/checkerboard_tiger_2.png,clentrel
443,4,modified/shape-texture,modified/shape-texture,checkerboard_tiger,background,5,modified-shape-texture/checkerboard_tiger.png,modified-shape-texture/background/checkerboard_tiger_5.png,clentrel
444,3,modified/shape-texture,modified/shape-texture,checkerboard_tiger,background,8,modified-shape-texture/checkerboard_tiger.png,modified-shape-texture/background/checkerboard_tiger_8.png,clentrel
445,0,modified/shape-texture,modified/shape-texture,checkerboard_tiger,background,11,modified-shape-texture/checkerboard_tiger.png,modified-shape-texture/background/checkerboard_tiger_11.png,clentrel
446,0,modified/shape-texture,modified/shape-texture,checkerboard_tiger,background,14,modified-shape-texture/checkerboard_tiger.png,modified-shape-texture/background/checkerboard_tiger_14.png,clentrel
447,6,modified/shape-texture,modified/shape-texture,checkerboard_tiger,background,17,modified-shape-texture/checkerboard_tiger.png,modified-shape-texture/background/checkerboard_tiger_17.png,clentrel
448,7,modified/shape-texture,modified/shape-texture,checkerboard_tiger,background,19,modified-shape-texture/checkerboard_tiger.png,modified-shape-texture/background/checkerboard_tiger_19.png,clentrel
449,7,modified/shape-texture,modified/shape-texture,checkerboard_tiger,background,20,modified-shape-texture/checkerboard_tiger.png,modified-shape-texture/background/checkerboard_tiger_20.png,clentrel
450,3,modified/shape-texture,modified/shape-texture,checkerboard_tiger,color,2,modified-shape-texture/checkerboard_tiger.png,modified-shape-texture/color/checkerboard_tiger_2.png,clentrel
451,3,modified/shape-texture,modified/shape-texture,checkerboard_tiger,color,5,modified-shape-texture/checkerboard_tiger.png,modified-shape-texture/color/checkerboard_tiger_5.png,clentrel
452,9,modified/shape-texture,modified/shape-texture,checkerboard_tiger,color,11,modified-shape-texture/checkerboard_tiger.png,modified-shape-texture/color/checkerboard_tiger_11.png,clentrel
453,6,modified/shape-texture,modified/shape-texture,checkerboard_tiger,color,14,modified-shape-texture/checkerboard_tiger.png,modified-shape-texture/color/checkerboard_tiger_14.png,clentrel
454,4,modified/shape-texture,modified/shape-texture,checkerboard_tiger,color,17,modified-shape-texture/checkerboard_tiger.png,modified-shape-texture/color/checkerboard_tiger_17.png,clentrel
455,0,modified/shape-texture,modified/shape-texture,checkerboard_tiger,color,19,modified-shape-texture/checkerboard_tiger.png,modified-shape-texture/color/checkerboard_tiger_19.png,clentrel
456,7,modified/shape-texture,modified/shape-texture,checkerboard_tiger,color,20,modified-shape-texture/checkerboard_tiger.png,modified-shape-texture/color/checkerboard_tiger_20.png,clentrel
457,8,modified/shape-texture,modified/shape-texture,checkerboard_tiger,remove,2,modified-shape-texture/checkerboard_tiger.png,modified-shape-texture/remove/checkerboard_tiger_2.png,clentrel
458,7,modified/shape-texture,modified/shape-texture,checkerboard_tiger,remove,5,modified-shape-texture/checkerboard_tiger.png,modified-shape-texture/remove/checkerboard_tiger_5.png,clentrel
459,6,modified/shape-texture,modified/shape-texture,checkerboard_tiger,remove,8,modified-shape-texture/checkerboard_tiger.png,modified-shape-texture/remove/checkerboard_tiger_8.png,clentrel
460,3,modified/shape-texture,modified/shape-texture,checkerboard_tiger,remove,11,modified-shape-texture/checkerboard_tiger.png,modified-shape-texture/remove/checkerboard_tiger_11.png,clentrel
461,2,modified/shape-texture,modified/shape-texture,checkerboard_tiger,remove,14,modified-shape-texture/checkerboard_tiger.png,modified-shape-texture/remove/checkerboard_tiger_14.png,clentrel
462,9,modified/shape-texture,modified/shape-texture,checkerboard_tiger,remove,17,modified-shape-texture/checkerboard_tiger.png,modified-shape-texture/remove/checkerboard_tiger_17.png,clentrel
463,4,modified/shape-texture,modified/shape-texture,checkerboard_tiger,remove,19,modified-shape-texture/checkerboard_tiger.png,modified-shape-texture/remove/checkerboard_tiger_19.png,clentrel
464,3,modified/shape-texture,modified/shape-texture,checkerboard_tiger,remove,20,modified-shape-texture/checkerboard_tiger.png,modified-shape-texture/remove/checkerboard_tiger_20.png,clentrel
465,8,modified/shape-texture,modified/shape-texture,checkerboard_tiger,shape,2,modified-shape-texture/checkerboard_tiger.png,modified-shape-texture/shape/checkerboard_tiger_2.png,clentrel
466,3,modified/shape-texture,modified/shape-texture,checkerboard_tiger,shape,5,modified-shape-texture/checkerboard_tiger.png,modified-shape-texture/shape/checkerboard_tiger_5.png,clentrel
467,7,modified/shape-texture,modified/shape-texture,checkerboard_tiger,shape,8,modified-shape-texture/checkerboard_tiger.png,modified-shape-texture/shape/checkerboard_tiger_8.png,clentrel
468,0,modified/shape-texture,modified/shape-texture,checkerboard_tiger,shape,11,modified-shape-texture/checkerboard_tiger.png,modified-shape-texture/shape/checkerboard_tiger_11.png,clentrel
469,7,modified/shape-texture,modified/shape-texture,checkerboard_tiger,shape,14,modified-shape-texture/checkerboard_tiger.png,modified-shape-texture/shape/checkerboard_tiger_14.png,clentrel
470,4,modified/shape-texture,modified/shape-texture,checkerboard_tiger,shape,17,modified-shape-texture/checkerboard_tiger.png,modified-shape-texture/shape/checkerboard_tiger_17.png,clentrel
471,1,modified/shape-texture,modified/shape-texture,checkerboard_tiger,shape,19,modified-shape-texture/checkerboard_tiger.png,modified-shape-texture/shape/checkerboard_tiger_19.png,clentrel
472,5,modified/shape-texture,modified/shape-texture,checkerboard_tiger,shape,20,modified-shape-texture/checkerboard_tiger.png,modified-shape-texture/shape/checkerboard_tiger_20.png,clentrel
473,3,modified/shape-texture,modified/shape-texture,checkerboard_tiger,style,2,modified-shape-texture/checkerboard_tiger.png,modified-shape-texture/style/checkerboard_tiger_2.png,clentrel
474,1,modified/shape-texture,modified/shape-texture,checkerboard_tiger,style,5,modified-shape-texture/checkerboard_tiger.png,modified-shape-texture/style/checkerboard_tiger_5.png,clentrel
475,0,modified/shape-texture,modified/shape-texture,checkerboard_tiger,style,8,modified-shape-texture/checkerboard_tiger.png,modified-shape-texture/style/checkerboard_tiger_8.png,clentrel
476,1,modified/shape-texture,modified/shape-texture,checkerboard_tiger,style,11,modified-shape-texture/checkerboard_tiger.png,modified-shape-texture/style/checkerboard_tiger_11.png,clentrel
477,7,modified/shape-texture,modified/shape-texture,checkerboard_tiger,style,14,modified-shape-texture/checkerboard_tiger.png,modified-shape-texture/style/checkerboard_tiger_14.png,clentrel
478,6,modified/shape-texture,modified/shape-texture,checkerboard_tiger,style,17,modified-shape-texture/checkerboard_tiger.png,modified-shape-texture/style/checkerboard_tiger_17.png,clentrel
479,5,modified/shape-texture,modified/shape-texture,checkerboard_tiger,style,19,modified-shape-texture/checkerboard_tiger.png,modified-shape-texture/style/checkerboard_tiger_19.png,clentrel
480,6,modified/shape-texture,modified/shape-texture,checkerboard_tiger,style,20,modified-shape-texture/checkerboard_tiger.png,modified-shape-texture/style/checkerboard_tiger_20.png,clentrel
481,1,modified/shape-texture,modified/shape-texture,checkerboard_tv-remote,add,2,modified-shape-texture/checkerboard_tv-remote.png,modified-shape-texture/add/checkerboard_tv-remote_2.png,grestle
482,3,modified/shape-texture,modified/shape-texture,checkerboard_tv-remote,add,5,modified-shape-texture/checkerboard_tv-remote.png,modified-shape-texture/add/checkerboard_tv-remote_5.png,grestle
483,4,modified/shape-texture,modified/shape-texture,checkerboard_tv-remote,add,8,modified-shape-texture/checkerboard_tv-remote.png,modified-shape-texture/add/checkerboard_tv-remote_8.png,grestle
484,5,modified/shape-texture,modified/shape-texture,checkerboard_tv-remote,add,11,modified-shape-texture/checkerboard_tv-remote.png,modified-shape-texture/add/checkerboard_tv-remote_11.png,grestle
485,2,modified/shape-texture,modified/shape-texture,checkerboard_tv-remote,add,17,modified-shape-texture/checkerboard_tv-remote.png,modified-shape-texture/add/checkerboard_tv-remote_17.png,grestle
486,7,modified/shape-texture,modified/shape-texture,checkerboard_tv-remote,add,19,modified-shape-texture/checkerboard_tv-remote.png,modified-shape-texture/add/checkerboard_tv-remote_19.png,grestle
487,0,modified/shape-texture,modified/shape-texture,checkerboard_tv-remote,add,20,modified-shape-texture/checkerboard_tv-remote.png,modified-shape-texture/add/checkerboard_tv-remote_20.png,grestle
488,1,modified/shape-texture,modified/shape-texture,checkerboard_tv-remote,background,2,modified-shape-texture/checkerboard_tv-remote.png,modified-shape-texture/background/checkerboard_tv-remote_2.png,grestle
489,3,modified/shape-texture,modified/shape-texture,checkerboard_tv-remote,background,5,modified-shape-texture/checkerboard_tv-remote.png,modified-shape-texture/background/checkerboard_tv-remote_5.png,grestle
490,2,modified/shape-texture,modified/shape-texture,checkerboard_tv-remote,background,8,modified-shape-texture/checkerboard_tv-remote.png,modified-shape-texture/background/checkerboard_tv-remote_8.png,grestle
491,4,modified/shape-texture,modified/shape-texture,checkerboard_tv-remote,background,11,modified-shape-texture/checkerboard_tv-remote.png,modified-shape-texture/background/checkerboard_tv-remote_11.png,grestle
492,1,modified/shape-texture,modified/shape-texture,checkerboard_tv-remote,background,14,modified-shape-texture/checkerboard_tv-remote.png,modified-shape-texture/background/checkerboard_tv-remote_14.png,grestle
493,5,modified/shape-texture,modified/shape-texture,checkerboard_tv-remote,background,17,modified-shape-texture/checkerboard_tv-remote.png,modified-shape-texture/background/checkerboard_tv-remote_17.png,grestle
494,3,modified/shape-texture,modified/shape-texture,checkerboard_tv-remote,background,19,modified-shape-texture/checkerboard_tv-remote.png,modified-shape-texture/background/checkerboard_tv-remote_19.png,grestle
495,2,modified/shape-texture,modified/shape-texture,checkerboard_tv-remote,background,20,modified-shape-texture/checkerboard_tv-remote.png,modified-shape-texture/background/checkerboard_tv-remote_20.png,grestle
496,7,modified/shape-texture,modified/shape-texture,checkerboard_tv-remote,color,2,modified-shape-texture/checkerboard_tv-remote.png,modified-shape-texture/color/checkerboard_tv-remote_2.png,grestle
497,3,modified/shape-texture,modified/shape-texture,checkerboard_tv-remote,color,5,modified-shape-texture/checkerboard_tv-remote.png,modified-shape-texture/color/checkerboard_tv-remote_5.png,grestle
498,1,modified/shape-texture,modified/shape-texture,checkerboard_tv-remote,color,8,modified-shape-texture/checkerboard_tv-remote.png,modified-shape-texture/color/checkerboard_tv-remote_8.png,grestle
499,8,modified/shape-texture,modified/shape-texture,checkerboard_tv-remote,color,11,modified-shape-texture/checkerboard_tv-remote.png,modified-shape-texture/color/checkerboard_tv-remote_11.png,grestle
500,5,modified/shape-texture,modified/shape-texture,checkerboard_tv-remote,color,14,modified-shape-texture/checkerboard_tv-remote.png,modified-shape-texture/color/checkerboard_tv-remote_14.png,grestle
501,9,modified/shape-texture,modified/shape-texture,checkerboard_tv-remote,color,17,modified-shape-texture/checkerboard_tv-remote.png,modified-shape-texture/color/checkerboard_tv-remote_17.png,grestle
502,4,modified/shape-texture,modified/shape-texture,checkerboard_tv-remote,color,19,modified-shape-texture/checkerboard_tv-remote.png,modified-shape-texture/color/checkerboard_tv-remote_19.png,grestle
503,8,modified/shape-texture,modified/shape-texture,checkerboard_tv-remote,color,20,modified-shape-texture/checkerboard_tv-remote.png,modified-shape-texture/color/checkerboard_tv-remote_20.png,grestle
504,0,modified/shape-texture,modified/shape-texture,checkerboard_tv-remote,remove,2,modified-shape-texture/checkerboard_tv-remote.png,modified-shape-texture/remove/checkerboard_tv-remote_2.png,grestle
505,0,modified/shape-texture,modified/shape-texture,checkerboard_tv-remote,remove,5,modified-shape-texture/checkerboard_tv-remote.png,modified-shape-texture/remove/checkerboard_tv-remote_5.png,grestle
506,3,modified/shape-texture,modified/shape-texture,checkerboard_tv-remote,remove,8,modified-shape-texture/checkerboard_tv-remote.png,modified-shape-texture/remove/checkerboard_tv-remote_8.png,grestle
507,8,modified/shape-texture,modified/shape-texture,checkerboard_tv-remote,remove,11,modified-shape-texture/checkerboard_tv-remote.png,modified-shape-texture/remove/checkerboard_tv-remote_11.png,grestle
508,1,modified/shape-texture,modified/shape-texture,checkerboard_tv-remote,remove,14,modified-shape-texture/checkerboard_tv-remote.png,modified-shape-texture/remove/checkerboard_tv-remote_14.png,grestle
509,2,modified/shape-texture,modified/shape-texture,checkerboard_tv-remote,remove,17,modified-shape-texture/checkerboard_tv-remote.png,modified-shape-texture/remove/checkerboard_tv-remote_17.png,grestle
510,7,modified/shape-texture,modified/shape-texture,checkerboard_tv-remote,remove,19,modified-shape-texture/checkerboard_tv-remote.png,modified-shape-texture/remove/checkerboard_tv-remote_19.png,grestle
511,5,modified/shape-texture,modified/shape-texture,checkerboard_tv-remote,remove,20,modified-shape-texture/checkerboard_tv-remote.png,modified-shape-texture/remove/checkerboard_tv-remote_20.png,grestle
512,8,modified/shape-texture,modified/shape-texture,checkerboard_tv-remote,shape,2,modified-shape-texture/checkerboard_tv-remote.png,modified-shape-texture/shape/checkerboard_tv-remote_2.png,grestle
513,4,modified/shape-texture,modified/shape-texture,checkerboard_tv-remote,shape,8,modified-shape-texture/checkerboard_tv-remote.png,modified-shape-texture/shape/checkerboard_tv-remote_8.png,grestle
514,4,modified/shape-texture,modified/shape-texture,checkerboard_tv-remote,shape,11,modified-shape-texture/checkerboard_tv-remote.png,modified-shape-texture/shape/checkerboard_tv-remote_11.png,grestle
515,4,modified/shape-texture,modified/shape-texture,checkerboard_tv-remote,shape,14,modified-shape-texture/checkerboard_tv-remote.png,modified-shape-texture/shape/checkerboard_tv-remote_14.png,grestle
516,3,modified/shape-texture,modified/shape-texture,checkerboard_tv-remote,shape,17,modified-shape-texture/checkerboard_tv-remote.png,modified-shape-texture/shape/checkerboard_tv-remote_17.png,grestle
517,2,modified/shape-texture,modified/shape-texture,checkerboard_tv-remote,shape,19,modified-shape-texture/checkerboard_tv-remote.png,modified-shape-texture/shape/checkerboard_tv-remote_19.png,grestle
518,2,modified/shape-texture,modified/shape-texture,checkerboard_tv-remote,style,2,modified-shape-texture/checkerboard_tv-remote.png,modified-shape-texture/style/checkerboard_tv-remote_2.png,grestle
519,3,modified/shape-texture,modified/shape-texture,checkerboard_tv-remote,style,5,modified-shape-texture/checkerboard_tv-remote.png,modified-shape-texture/style/checkerboard_tv-remote_5.png,grestle
520,1,modified/shape-texture,modified/shape-texture,checkerboard_tv-remote,style,8,modified-shape-texture/checkerboard_tv-remote.png,modified-shape-texture/style/checkerboard_tv-remote_8.png,grestle
521,7,modified/shape-texture,modified/shape-texture,checkerboard_tv-remote,style,11,modified-shape-texture/checkerboard_tv-remote.png,modified-shape-texture/style/checkerboard_tv-remote_11.png,grestle
522,2,modified/shape-texture,modified/shape-texture,checkerboard_tv-remote,style,14,modified-shape-texture/checkerboard_tv-remote.png,modified-shape-texture/style/checkerboard_tv-remote_14.png,grestle
523,0,modified/shape-texture,modified/shape-texture,checkerboard_tv-remote,style,17,modified-shape-texture/checkerboard_tv-remote.png,modified-shape-texture/style/checkerboard_tv-remote_17.png,grestle
524,6,modified/shape-texture,modified/shape-texture,checkerboard_tv-remote,style,19,modified-shape-texture/checkerboard_tv-remote.png,modified-shape-texture/style/checkerboard_tv-remote_19.png,grestle
525,2,modified/shape-texture,modified/shape-texture,checkerboard_tv-remote,style,20,modified-shape-texture/checkerboard_tv-remote.png,modified-shape-texture/style/checkerboard_tv-remote_20.png,grestle
526,1,novel,novel,shape_11,add,2,novel/shape_11.png,novel/add/shape_11_2.png,scradge
527,2,novel,novel,shape_11,add,8,novel/shape_11.png,novel/add/shape_11_8.png,scradge
528,8,novel,novel,shape_11,add,11,novel/shape_11.png,novel/add/shape_11_11.png,scradge
529,5,novel,novel,shape_11,add,14,novel/shape_11.png,novel/add/shape_11_14.png,scradge
530,7,novel,novel,shape_11,add,17,novel/shape_11.png,novel/add/shape_11_17.png,scradge
531,0,novel,novel,shape_11,add,19,novel/shape_11.png,novel/add/shape_11_19.png,scradge
532,7,novel,novel,shape_11,add,20,novel/shape_11.png,novel/add/shape_11_20.png,scradge
533,0,novel,novel,shape_11,background,2,novel/shape_11.png,novel/background/shape_11_2.png,scradge
534,0,novel,novel,shape_11,background,5,novel/shape_11.png,novel/background/shape_11_5.png,scradge
535,9,novel,novel,shape_11,background,8,novel/shape_11.png,novel/background/shape_11_8.png,scradge
536,6,novel,novel,shape_11,background,11,novel/shape_11.png,novel/background/shape_11_11.png,scradge
537,8,novel,novel,shape_11,background,17,novel/shape_11.png,novel/background/shape_11_17.png,scradge
538,0,novel,novel,shape_11,background,19,novel/shape_11.png,novel/background/shape_11_19.png,scradge
539,5,novel,novel,shape_11,background,20,novel/shape_11.png,novel/background/shape_11_20.png,scradge
540,9,novel,novel,shape_11,color,2,novel/shape_11.png,novel/color/shape_11_2.png,scradge
541,9,novel,novel,shape_11,color,5,novel/shape_11.png,novel/color/shape_11_5.png,scradge
542,4,novel,novel,shape_11,color,8,novel/shape_11.png,novel/color/shape_11_8.png,scradge
543,8,novel,novel,shape_11,color,11,novel/shape_11.png,novel/color/shape_11_11.png,scradge
544,6,novel,novel,shape_11,color,14,novel/shape_11.png,novel/color/shape_11_14.png,scradge
545,1,novel,novel,shape_11,color,17,novel/shape_11.png,novel/color/shape_11_17.png,scradge
546,7,novel,novel,shape_11,color,19,novel/shape_11.png,novel/color/shape_11_19.png,scradge
547,0,novel,novel,shape_11,color,20,novel/shape_11.png,novel/color/shape_11_20.png,scradge
548,7,novel,novel,shape_11,remove,2,novel/shape_11.png,novel/remove/shape_11_2.png,scradge
549,9,novel,novel,shape_11,remove,5,novel/shape_11.png,novel/remove/shape_11_5.png,scradge
550,9,novel,novel,shape_11,remove,8,novel/shape_11.png,novel/remove/shape_11_8.png,scradge
551,3,novel,novel,shape_11,remove,11,novel/shape_11.png,novel/remove/shape_11_11.png,scradge
552,2,novel,novel,shape_11,remove,14,novel/shape_11.png,novel/remove/shape_11_14.png,scradge
553,0,novel,novel,shape_11,remove,17,novel/shape_11.png,novel/remove/shape_11_17.png,scradge
554,1,novel,novel,shape_11,remove,19,novel/shape_11.png,novel/remove/shape_11_19.png,scradge
555,0,novel,novel,shape_11,remove,20,novel/shape_11.png,novel/remove/shape_11_20.png,scradge
556,3,novel,novel,shape_11,shape,2,novel/shape_11.png,novel/shape/shape_11_2.png,scradge
557,1,novel,novel,shape_11,shape,5,novel/shape_11.png,novel/shape/shape_11_5.png,scradge
558,8,novel,novel,shape_11,shape,8,novel/shape_11.png,novel/shape/shape_11_8.png,scradge
559,1,novel,novel,shape_11,shape,11,novel/shape_11.png,novel/shape/shape_11_11.png,scradge
560,5,novel,novel,shape_11,shape,14,novel/shape_11.png,novel/shape/shape_11_14.png,scradge
561,2,novel,novel,shape_11,shape,17,novel/shape_11.png,novel/shape/shape_11_17.png,scradge
562,3,novel,novel,shape_11,shape,19,novel/shape_11.png,novel/shape/shape_11_19.png,scradge
563,5,novel,novel,shape_11,shape,20,novel/shape_11.png,novel/shape/shape_11_20.png,scradge
564,1,novel,novel,shape_11,style,2,novel/shape_11.png,novel/style/shape_11_2.png,scradge
565,7,novel,novel,shape_11,style,5,novel/shape_11.png,novel/style/shape_11_5.png,scradge
566,8,novel,novel,shape_11,style,8,novel/shape_11.png,novel/style/shape_11_8.png,scradge
567,2,novel,novel,shape_11,style,11,novel/shape_11.png,novel/style/shape_11_11.png,scradge
568,5,novel,novel,shape_11,style,14,novel/shape_11.png,novel/style/shape_11_14.png,scradge
569,9,novel,novel,shape_11,style,19,novel/shape_11.png,novel/style/shape_11_19.png,scradge
570,2,novel,novel,shape_11,style,20,novel/shape_11.png,novel/style/shape_11_20.png,scradge
571,9,novel,novel,shape_13,add,2,novel/shape_13.png,novel/add/shape_13_2.png,wrimble
572,3,novel,novel,shape_13,add,5,novel/shape_13.png,novel/add/shape_13_5.png,wrimble
573,5,novel,novel,shape_13,add,8,novel/shape_13.png,novel/add/shape_13_8.png,wrimble
574,3,novel,novel,shape_13,add,11,novel/shape_13.png,novel/add/shape_13_11.png,wrimble
575,3,novel,novel,shape_13,add,14,novel/shape_13.png,novel/add/shape_13_14.png,wrimble
576,6,novel,novel,shape_13,add,17,novel/shape_13.png,novel/add/shape_13_17.png,wrimble
577,0,novel,novel,shape_13,add,19,novel/shape_13.png,novel/add/shape_13_19.png,wrimble
578,5,novel,novel,shape_13,add,20,novel/shape_13.png,novel/add/shape_13_20.png,wrimble
579,0,novel,novel,shape_13,background,2,novel/shape_13.png,novel/background/shape_13_2.png,wrimble
580,6,novel,novel,shape_13,background,5,novel/shape_13.png,novel/background/shape_13_5.png,wrimble
581,6,novel,novel,shape_13,background,8,novel/shape_13.png,novel/background/shape_13_8.png,wrimble
582,0,novel,novel,shape_13,background,11,novel/shape_13.png,novel/background/shape_13_11.png,wrimble
583,2,novel,novel,shape_13,background,14,novel/shape_13.png,novel/background/shape_13_14.png,wrimble
584,7,novel,novel,shape_13,background,17,novel/shape_13.png,novel/background/shape_13_17.png,wrimble
585,8,novel,novel,shape_13,background,19,novel/shape_13.png,novel/background/shape_13_19.png,wrimble
586,2,novel,novel,shape_13,background,20,novel/shape_13.png,novel/background/shape_13_20.png,wrimble
587,2,novel,novel,shape_13,color,2,novel/shape_13.png,novel/color/shape_13_2.png,wrimble
588,1,novel,novel,shape_13,color,5,novel/shape_13.png,novel/color/shape_13_5.png,wrimble
589,0,novel,novel,shape_13,color,8,novel/shape_13.png,novel/color/shape_13_8.png,wrimble
590,3,novel,novel,shape_13,color,11,novel/shape_13.png,novel/color/shape_13_11.png,wrimble
591,4,novel,novel,shape_13,color,14,novel/shape_13.png,novel/color/shape_13_14.png,wrimble
592,0,novel,novel,shape_13,color,17,novel/shape_13.png,novel/color/shape_13_17.png,wrimble
593,2,novel,novel,shape_13,color,19,novel/shape_13.png,novel/color/shape_13_19.png,wrimble
594,2,novel,novel,shape_13,color,20,novel/shape_13.png,novel/color/shape_13_20.png,wrimble
595,8,novel,novel,shape_13,remove,2,novel/shape_13.png,novel/remove/shape_13_2.png,wrimble
596,8,novel,novel,shape_13,remove,5,novel/shape_13.png,novel/remove/shape_13_5.png,wrimble
597,3,novel,novel,shape_13,remove,11,novel/shape_13.png,novel/remove/shape_13_11.png,wrimble
598,4,novel,novel,shape_13,remove,14,novel/shape_13.png,novel/remove/shape_13_14.png,wrimble
599,2,novel,novel,shape_13,remove,19,novel/shape_13.png,novel/remove/shape_13_19.png,wrimble
600,7,novel,novel,shape_13,remove,20,novel/shape_13.png,novel/remove/shape_13_20.png,wrimble
601,1,novel,novel,shape_13,shape,2,novel/shape_13.png,novel/shape/shape_13_2.png,wrimble
602,2,novel,novel,shape_13,shape,5,novel/shape_13.png,novel/shape/shape_13_5.png,wrimble
603,8,novel,novel,shape_13,shape,8,novel/shape_13.png,novel/shape/shape_13_8.png,wrimble
604,1,novel,novel,shape_13,shape,11,novel/shape_13.png,novel/shape/shape_13_11.png,wrimble
605,5,novel,novel,shape_13,shape,14,novel/shape_13.png,novel/shape/shape_13_14.png,wrimble
606,2,novel,novel,shape_13,shape,17,novel/shape_13.png,novel/shape/shape_13_17.png,wrimble
607,8,novel,novel,shape_13,shape,19,novel/shape_13.png,novel/shape/shape_13_19.png,wrimble
608,9,novel,novel,shape_13,shape,20,novel/shape_13.png,novel/shape/shape_13_20.png,wrimble
609,0,novel,novel,shape_13,style,2,novel/shape_13.png,novel/style/shape_13_2.png,wrimble
610,4,novel,novel,shape_13,style,5,novel/shape_13.png,novel/style/shape_13_5.png,wrimble
611,8,novel,novel,shape_13,style,8,novel/shape_13.png,novel/style/shape_13_8.png,wrimble
612,5,novel,novel,shape_13,style,11,novel/shape_13.png,novel/style/shape_13_11.png,wrimble
613,1,novel,novel,shape_13,style,14,novel/shape_13.png,novel/style/shape_13_14.png,wrimble
614,3,novel,novel,shape_13,style,17,novel/shape_13.png,novel/style/shape_13_17.png,wrimble
615,2,novel,novel,shape_13,style,19,novel/shape_13.png,novel/style/shape_13_19.png,wrimble
616,5,novel,novel,shape_13,style,20,novel/shape_13.png,novel/style/shape_13_20.png,wrimble
617,7,novel,novel,shape_16,add,2,novel/shape_16.png,novel/add/shape_16_2.png,sdrindle
618,1,novel,novel,shape_16,add,5,novel/shape_16.png,novel/add/shape_16_5.png,sdrindle
619,6,novel,novel,shape_16,add,8,novel/shape_16.png,novel/add/shape_16_8.png,sdrindle
620,7,novel,novel,shape_16,add,11,novel/shape_16.png,novel/add/shape_16_11.png,sdrindle
621,8,novel,novel,shape_16,add,14,novel/shape_16.png,novel/add/shape_16_14.png,sdrindle
622,4,novel,novel,shape_16,add,17,novel/shape_16.png,novel/add/shape_16_17.png,sdrindle
623,6,novel,novel,shape_16,add,19,novel/shape_16.png,novel/add/shape_16_19.png,sdrindle
624,5,novel,novel,shape_16,add,20,novel/shape_16.png,novel/add/shape_16_20.png,sdrindle
625,0,novel,novel,shape_16,background,2,novel/shape_16.png,novel/background/shape_16_2.png,sdrindle
626,5,novel,novel,shape_16,background,5,novel/shape_16.png,novel/background/shape_16_5.png,sdrindle
627,4,novel,novel,shape_16,background,8,novel/shape_16.png,novel/background/shape_16_8.png,sdrindle
628,5,novel,novel,shape_16,background,11,novel/shape_16.png,novel/background/shape_16_11.png,sdrindle
629,9,novel,novel,shape_16,background,14,novel/shape_16.png,novel/background/shape_16_14.png,sdrindle
630,0,novel,novel,shape_16,background,17,novel/shape_16.png,novel/background/shape_16_17.png,sdrindle
631,4,novel,novel,shape_16,background,19,novel/shape_16.png,novel/background/shape_16_19.png,sdrindle
632,1,novel,novel,shape_16,background,20,novel/shape_16.png,novel/background/shape_16_20.png,sdrindle
633,0,novel,novel,shape_16,color,5,novel/shape_16.png,novel/color/shape_16_5.png,sdrindle
634,7,novel,novel,shape_16,color,8,novel/shape_16.png,novel/color/shape_16_8.png,sdrindle
635,0,novel,novel,shape_16,color,11,novel/shape_16.png,novel/color/shape_16_11.png,sdrindle
636,1,novel,novel,shape_16,color,14,novel/shape_16.png,novel/color/shape_16_14.png,sdrindle
637,6,novel,novel,shape_16,color,17,novel/shape_16.png,novel/color/shape_16_17.png,sdrindle
638,7,novel,novel,shape_16,color,19,novel/shape_16.png,novel/color/shape_16_19.png,sdrindle
639,5,novel,novel,shape_16,color,20,novel/shape_16.png,novel/color/shape_16_20.png,sdrindle
640,4,novel,novel,shape_16,remove,2,novel/shape_16.png,novel/remove/shape_16_2.png,sdrindle
641,0,novel,novel,shape_16,remove,5,novel/shape_16.png,novel/remove/shape_16_5.png,sdrindle
642,8,novel,novel,shape_16,remove,8,novel/shape_16.png,novel/remove/shape_16_8.png,sdrindle
643,6,novel,novel,shape_16,remove,11,novel/shape_16.png,novel/remove/shape_16_11.png,sdrindle
644,5,novel,novel,shape_16,remove,14,novel/shape_16.png,novel/remove/shape_16_14.png,sdrindle
645,0,novel,novel,shape_16,remove,17,novel/shape_16.png,novel/remove/shape_16_17.png,sdrindle
646,8,novel,novel,shape_16,remove,19,novel/shape_16.png,novel/remove/shape_16_19.png,sdrindle
647,9,novel,novel,shape_16,remove,20,novel/shape_16.png,novel/remove/shape_16_20.png,sdrindle
648,7,novel,novel,shape_16,shape,2,novel/shape_16.png,novel/shape/shape_16_2.png,sdrindle
649,1,novel,novel,shape_16,shape,5,novel/shape_16.png,novel/shape/shape_16_5.png,sdrindle
650,4,novel,novel,shape_16,shape,8,novel/shape_16.png,novel/shape/shape_16_8.png,sdrindle
651,8,novel,novel,shape_16,shape,11,novel/shape_16.png,novel/shape/shape_16_11.png,sdrindle
652,8,novel,novel,shape_16,shape,14,novel/shape_16.png,novel/shape/shape_16_14.png,sdrindle
653,1,novel,novel,shape_16,shape,17,novel/shape_16.png,novel/shape/shape_16_17.png,sdrindle
654,9,novel,novel,shape_16,shape,19,novel/shape_16.png,novel/shape/shape_16_19.png,sdrindle
655,0,novel,novel,shape_16,shape,20,novel/shape_16.png,novel/shape/shape_16_20.png,sdrindle
656,9,novel,novel,shape_16,style,5,novel/shape_16.png,novel/style/shape_16_5.png,sdrindle
657,8,novel,novel,shape_16,style,8,novel/shape_16.png,novel/style/shape_16_8.png,sdrindle
658,2,novel,novel,shape_16,style,11,novel/shape_16.png,novel/style/shape_16_11.png,sdrindle
659,8,novel,novel,shape_16,style,14,novel/shape_16.png,novel/style/shape_16_14.png,sdrindle
660,6,novel,novel,shape_16,style,17,novel/shape_16.png,novel/style/shape_16_17.png,sdrindle
661,2,novel,novel,shape_16,style,19,novel/shape_16.png,novel/style/shape_16_19.png,sdrindle
662,4,novel,novel,shape_16,style,20,novel/shape_16.png,novel/style/shape_16_20.png,sdrindle
663,6,novel,novel,shape_19,add,2,novel/shape_19.png,novel/add/shape_19_2.png,frentish
664,8,novel,novel,shape_19,add,5,novel/shape_19.png,novel/add/shape_19_5.png,frentish
665,4,novel,novel,shape_19,add,8,novel/shape_19.png,novel/add/shape_19_8.png,frentish
666,9,novel,novel,shape_19,add,11,novel/shape_19.png,novel/add/shape_19_11.png,frentish
667,4,novel,novel,shape_19,add,14,novel/shape_19.png,novel/add/shape_19_14.png,frentish
668,1,novel,novel,shape_19,add,17,novel/shape_19.png,novel/add/shape_19_17.png,frentish
669,9,novel,novel,shape_19,add,19,novel/shape_19.png,novel/add/shape_19_19.png,frentish
670,7,novel,novel,shape_19,add,20,novel/shape_19.png,novel/add/shape_19_20.png,frentish
671,0,novel,novel,shape_19,background,2,novel/shape_19.png,novel/background/shape_19_2.png,frentish
672,6,novel,novel,shape_19,background,5,novel/shape_19.png,novel/background/shape_19_5.png,frentish
673,4,novel,novel,shape_19,background,8,novel/shape_19.png,novel/background/shape_19_8.png,frentish
674,8,novel,novel,shape_19,background,11,novel/shape_19.png,novel/background/shape_19_11.png,frentish
675,2,novel,novel,shape_19,background,14,novel/shape_19.png,novel/background/shape_19_14.png,frentish
676,6,novel,novel,shape_19,background,17,novel/shape_19.png,novel/background/shape_19_17.png,frentish
677,6,novel,novel,shape_19,background,19,novel/shape_19.png,novel/background/shape_19_19.png,frentish
678,9,novel,novel,shape_19,background,20,novel/shape_19.png,novel/background/shape_19_20.png,frentish
679,7,novel,novel,shape_19,color,2,novel/shape_19.png,novel/color/shape_19_2.png,frentish
680,0,novel,novel,shape_19,color,5,novel/shape_19.png,novel/color/shape_19_5.png,frentish
681,6,novel,novel,shape_19,color,8,novel/shape_19.png,novel/color/shape_19_8.png,frentish
682,2,novel,novel,shape_19,color,11,novel/shape_19.png,novel/color/shape_19_11.png,frentish
683,1,novel,novel,shape_19,color,14,novel/shape_19.png,novel/color/shape_19_14.png,frentish
684,8,novel,novel,shape_19,color,17,novel/shape_19.png,novel/color/shape_19_17.png,frentish
685,6,novel,novel,shape_19,color,20,novel/shape_19.png,novel/color/shape_19_20.png,frentish
686,0,novel,novel,shape_19,remove,2,novel/shape_19.png,novel/remove/shape_19_2.png,frentish
687,7,novel,novel,shape_19,remove,5,novel/shape_19.png,novel/remove/shape_19_5.png,frentish
688,9,novel,novel,shape_19,remove,8,novel/shape_19.png,novel/remove/shape_19_8.png,frentish
689,2,novel,novel,shape_19,remove,11,novel/shape_19.png,novel/remove/shape_19_11.png,frentish
690,3,novel,novel,shape_19,remove,14,novel/shape_19.png,novel/remove/shape_19_14.png,frentish
691,3,novel,novel,shape_19,remove,17,novel/shape_19.png,novel/remove/shape_19_17.png,frentish
692,9,novel,novel,shape_19,remove,19,novel/shape_19.png,novel/remove/shape_19_19.png,frentish
693,0,novel,novel,shape_19,remove,20,novel/shape_19.png,novel/remove/shape_19_20.png,frentish
694,4,novel,novel,shape_19,shape,2,novel/shape_19.png,novel/shape/shape_19_2.png,frentish
695,8,novel,novel,shape_19,shape,5,novel/shape_19.png,novel/shape/shape_19_5.png,frentish
696,8,novel,novel,shape_19,shape,8,novel/shape_19.png,novel/shape/shape_19_8.png,frentish
697,2,novel,novel,shape_19,shape,11,novel/shape_19.png,novel/shape/shape_19_11.png,frentish
698,4,novel,novel,shape_19,shape,14,novel/shape_19.png,novel/shape/shape_19_14.png,frentish
699,0,novel,novel,shape_19,shape,17,novel/shape_19.png,novel/shape/shape_19_17.png,frentish
700,1,novel,novel,shape_19,shape,19,novel/shape_19.png,novel/shape/shape_19_19.png,frentish
701,1,novel,novel,shape_19,shape,20,novel/shape_19.png,novel/shape/shape_19_20.png,frentish
702,5,novel,novel,shape_19,style,2,novel/shape_19.png,novel/style/shape_19_2.png,frentish
703,6,novel,novel,shape_19,style,5,novel/shape_19.png,novel/style/shape_19_5.png,frentish
704,6,novel,novel,shape_19,style,8,novel/shape_19.png,novel/style/shape_19_8.png,frentish
705,3,novel,novel,shape_19,style,11,novel/shape_19.png,novel/style/shape_19_11.png,frentish
706,6,novel,novel,shape_19,style,14,novel/shape_19.png,novel/style/shape_19_14.png,frentish
707,7,novel,novel,shape_19,style,17,novel/shape_19.png,novel/style/shape_19_17.png,frentish
708,0,novel,novel,shape_19,style,19,novel/shape_19.png,novel/style/shape_19_19.png,frentish
709,2,novel,novel,shape_19,style,20,novel/shape_19.png,novel/style/shape_19_20.png,frentish
710,5,novel,novel,shape_24,add,2,novel/shape_24.png,novel/add/shape_24_2.png,vraxel
711,0,novel,novel,shape_24,add,5,novel/shape_24.png,novel/add/shape_24_5.png,vraxel
712,3,novel,novel,shape_24,add,8,novel/shape_24.png,novel/add/shape_24_8.png,vraxel
713,4,novel,novel,shape_24,add,11,novel/shape_24.png,novel/add/shape_24_11.png,vraxel
714,8,novel,novel,shape_24,add,14,novel/shape_24.png,novel/add/shape_24_14.png,vraxel
715,4,novel,novel,shape_24,add,17,novel/shape_24.png,novel/add/shape_24_17.png,vraxel
716,8,novel,novel,shape_24,add,19,novel/shape_24.png,novel/add/shape_24_19.png,vraxel
717,8,novel,novel,shape_24,add,20,novel/shape_24.png,novel/add/shape_24_20.png,vraxel
718,8,novel,novel,shape_24,background,2,novel/shape_24.png,novel/background/shape_24_2.png,vraxel
719,5,novel,novel,shape_24,background,5,novel/shape_24.png,novel/background/shape_24_5.png,vraxel
720,2,novel,novel,shape_24,background,8,novel/shape_24.png,novel/background/shape_24_8.png,vraxel
721,9,novel,novel,shape_24,background,14,novel/shape_24.png,novel/background/shape_24_14.png,vraxel
722,2,novel,novel,shape_24,background,17,novel/shape_24.png,novel/background/shape_24_17.png,vraxel
723,9,novel,novel,shape_24,background,19,novel/shape_24.png,novel/background/shape_24_19.png,vraxel
724,6,novel,novel,shape_24,background,20,novel/shape_24.png,novel/background/shape_24_20.png,vraxel
725,1,novel,novel,shape_24,color,2,novel/shape_24.png,novel/color/shape_24_2.png,vraxel
726,5,novel,novel,shape_24,color,5,novel/shape_24.png,novel/color/shape_24_5.png,vraxel
727,8,novel,novel,shape_24,color,8,novel/shape_24.png,novel/color/shape_24_8.png,vraxel
728,0,novel,novel,shape_24,color,11,novel/shape_24.png,novel/color/shape_24_11.png,vraxel
729,4,novel,novel,shape_24,color,14,novel/shape_24.png,novel/color/shape_24_14.png,vraxel
730,0,novel,novel,shape_24,color,17,novel/shape_24.png,novel/color/shape_24_17.png,vraxel
731,5,novel,novel,shape_24,color,19,novel/shape_24.png,novel/color/shape_24_19.png,vraxel
732,7,novel,novel,shape_24,color,20,novel/shape_24.png,novel/color/shape_24_20.png,vraxel
733,3,novel,novel,shape_24,remove,2,novel/shape_24.png,novel/remove/shape_24_2.png,vraxel
734,0,novel,novel,shape_24,remove,5,novel/shape_24.png,novel/remove/shape_24_5.png,vraxel
735,5,novel,novel,shape_24,remove,8,novel/shape_24.png,novel/remove/shape_24_8.png,vraxel
736,9,novel,novel,shape_24,remove,11,novel/shape_24.png,novel/remove/shape_24_11.png,vraxel
737,8,novel,novel,shape_24,remove,14,novel/shape_24.png,novel/remove/shape_24_14.png,vraxel
738,9,novel,novel,shape_24,remove,17,novel/shape_24.png,novel/remove/shape_24_17.png,vraxel
739,3,novel,novel,shape_24,remove,19,novel/shape_24.png,novel/remove/shape_24_19.png,vraxel
740,5,novel,novel,shape_24,remove,20,novel/shape_24.png,novel/remove/shape_24_20.png,vraxel
741,1,novel,novel,shape_24,shape,5,novel/shape_24.png,novel/shape/shape_24_5.png,vraxel
742,0,novel,novel,shape_24,shape,8,novel/shape_24.png,novel/shape/shape_24_8.png,vraxel
743,2,novel,novel,shape_24,shape,11,novel/shape_24.png,novel/shape/shape_24_11.png,vraxel
744,0,novel,novel,shape_24,shape,14,novel/shape_24.png,novel/shape/shape_24_14.png,vraxel
745,5,novel,novel,shape_24,shape,17,novel/shape_24.png,novel/shape/shape_24_17.png,vraxel
746,6,novel,novel,shape_24,shape,19,novel/shape_24.png,novel/shape/shape_24_19.png,vraxel
747,1,novel,novel,shape_24,shape,20,novel/shape_24.png,novel/shape/shape_24_20.png,vraxel
748,6,novel,novel,shape_24,style,2,novel/shape_24.png,novel/style/shape_24_2.png,vraxel
749,0,novel,novel,shape_24,style,5,novel/shape_24.png,novel/style/shape_24_5.png,vraxel
750,6,novel,novel,shape_24,style,8,novel/shape_24.png,novel/style/shape_24_8.png,vraxel
751,9,novel,novel,shape_24,style,11,novel/shape_24.png,novel/style/shape_24_11.png,vraxel
752,4,novel,novel,shape_24,style,14,novel/shape_24.png,novel/style/shape_24_14.png,vraxel
753,6,novel,novel,shape_24,style,17,novel/shape_24.png,novel/style/shape_24_17.png,vraxel
754,3,novel,novel,shape_24,style,19,novel/shape_24.png,novel/style/shape_24_19.png,vraxel
755,1,novel,novel,shape_24,style,20,novel/shape_24.png,novel/style/shape_24_20.png,vraxel
756,0,novel,novel,shape_28,add,5,novel/shape_28.png,novel/add/shape_28_5.png,frostling
757,2,novel,novel,shape_28,add,8,novel/shape_28.png,novel/add/shape_28_8.png,frostling
758,4,novel,novel,shape_28,add,11,novel/shape_28.png,novel/add/shape_28_11.png,frostling
759,5,novel,novel,shape_28,add,14,novel/shape_28.png,novel/add/shape_28_14.png,frostling
760,1,novel,novel,shape_28,add,17,novel/shape_28.png,novel/add/shape_28_17.png,frostling
761,4,novel,novel,shape_28,add,19,novel/shape_28.png,novel/add/shape_28_19.png,frostling
762,1,novel,novel,shape_28,add,20,novel/shape_28.png,novel/add/shape_28_20.png,frostling
763,7,novel,novel,shape_28,background,2,novel/shape_28.png,novel/background/shape_28_2.png,frostling
764,5,novel,novel,shape_28,background,5,novel/shape_28.png,novel/background/shape_28_5.png,frostling
765,5,novel,novel,shape_28,background,11,novel/shape_28.png,novel/background/shape_28_11.png,frostling
766,4,novel,novel,shape_28,background,14,novel/shape_28.png,novel/background/shape_28_14.png,frostling
767,0,novel,novel,shape_28,background,17,novel/shape_28.png,novel/background/shape_28_17.png,frostling
768,3,novel,novel,shape_28,background,19,novel/shape_28.png,novel/background/shape_28_19.png,frostling
769,2,novel,novel,shape_28,color,2,novel/shape_28.png,novel/color/shape_28_2.png,frostling
770,2,novel,novel,shape_28,color,5,novel/shape_28.png,novel/color/shape_28_5.png,frostling
771,5,novel,novel,shape_28,color,8,novel/shape_28.png,novel/color/shape_28_8.png,frostling
772,5,novel,novel,shape_28,color,11,novel/shape_28.png,novel/color/shape_28_11.png,frostling
773,2,novel,novel,shape_28,color,14,novel/shape_28.png,novel/color/shape_28_14.png,frostling
774,8,novel,novel,shape_28,color,17,novel/shape_28.png,novel/color/shape_28_17.png,frostling
775,7,novel,novel,shape_28,color,19,novel/shape_28.png,novel/color/shape_28_19.png,frostling
776,2,novel,novel,shape_28,color,20,novel/shape_28.png,novel/color/shape_28_20.png,frostling
777,8,novel,novel,shape_28,remove,2,novel/shape_28.png,novel/remove/shape_28_2.png,frostling
778,2,novel,novel,shape_28,remove,5,novel/shape_28.png,novel/remove/shape_28_5.png,frostling
779,2,novel,novel,shape_28,remove,8,novel/shape_28.png,novel/remove/shape_28_8.png,frostling
780,9,novel,novel,shape_28,remove,11,novel/shape_28.png,novel/remove/shape_28_11.png,frostling
781,0,novel,novel,shape_28,remove,14,novel/shape_28.png,novel/remove/shape_28_14.png,frostling
782,5,novel,novel,shape_28,remove,17,novel/shape_28.png,novel/remove/shape_28_17.png,frostling
783,6,novel,novel,shape_28,remove,19,novel/shape_28.png,novel/remove/shape_28_19.png,frostling
784,8,novel,novel,shape_28,remove,20,novel/shape_28.png,novel/remove/shape_28_20.png,frostling
785,8,novel,novel,shape_28,shape,2,novel/shape_28.png,novel/shape/shape_28_2.png,frostling
786,7,novel,novel,shape_28,shape,5,novel/shape_28.png,novel/shape/shape_28_5.png,frostling
787,1,novel,novel,shape_28,shape,11,novel/shape_28.png,novel/shape/shape_28_11.png,frostling
788,4,novel,novel,shape_28,shape,14,novel/shape_28.png,novel/shape/shape_28_14.png,frostling
789,3,novel,novel,shape_28,shape,17,novel/shape_28.png,novel/shape/shape_28_17.png,frostling
790,6,novel,novel,shape_28,shape,19,novel/shape_28.png,novel/shape/shape_28_19.png,frostling
791,3,novel,novel,shape_28,shape,20,novel/shape_28.png,novel/shape/shape_28_20.png,frostling
792,3,novel,novel,shape_28,style,2,novel/shape_28.png,novel/style/shape_28_2.png,frostling
793,6,novel,novel,shape_28,style,5,novel/shape_28.png,novel/style/shape_28_5.png,frostling
794,1,novel,novel,shape_28,style,8,novel/shape_28.png,novel/style/shape_28_8.png,frostling
795,2,novel,novel,shape_28,style,11,novel/shape_28.png,novel/style/shape_28_11.png,frostling
796,1,novel,novel,shape_28,style,14,novel/shape_28.png,novel/style/shape_28_14.png,frostling
797,0,novel,novel,shape_28,style,17,novel/shape_28.png,novel/style/shape_28_17.png,frostling
798,2,novel,novel,shape_28,style,19,novel/shape_28.png,novel/style/shape_28_19.png,frostling
799,5,novel,novel,shape_28,style,20,novel/shape_28.png,novel/style/shape_28_20.png,frostling
